{
  "build": "pyhd3eb1b0_0",
  "build_number": 0,
  "channel": "https://mirrors.ustc.edu.cn/anaconda/pkgs/main/noarch",
  "constrains": [],
  "depends": [
    "python"
  ],
  "extracted_package_dir": "/root/miniconda3/pkgs/backcall-0.2.0-pyhd3eb1b0_0",
  "features": "",
  "files": [
    "lib/python3.8/site-packages/backcall-0.2.0.dist-info/INSTALLER",
    "lib/python3.8/site-packages/backcall-0.2.0.dist-info/LICENSE",
    "lib/python3.8/site-packages/backcall-0.2.0.dist-info/METADATA",
    "lib/python3.8/site-packages/backcall-0.2.0.dist-info/RECORD",
    "lib/python3.8/site-packages/backcall-0.2.0.dist-info/REQUESTED",
    "lib/python3.8/site-packages/backcall-0.2.0.dist-info/WHEEL",
    "lib/python3.8/site-packages/backcall-0.2.0.dist-info/direct_url.json",
    "lib/python3.8/site-packages/backcall/__init__.py",
    "lib/python3.8/site-packages/backcall/_signatures.py",
    "lib/python3.8/site-packages/backcall/backcall.py",
    "lib/python3.8/site-packages/backcall/__pycache__/__init__.cpython-38.pyc",
    "lib/python3.8/site-packages/backcall/__pycache__/_signatures.cpython-38.pyc",
    "lib/python3.8/site-packages/backcall/__pycache__/backcall.cpython-38.pyc"
  ],
  "fn": "backcall-0.2.0-pyhd3eb1b0_0.tar.bz2",
  "license": "BSD-3-Clause",
  "license_family": "BSD",
  "link": {
    "source": "/root/miniconda3/pkgs/backcall-0.2.0-pyhd3eb1b0_0",
    "type": 1
  },
  "md5": "b2aa5503875aba2f1d88cae9df9a96d5",
  "name": "backcall",
  "noarch": "python",
  "package_tarball_full_path": "/root/miniconda3/pkgs/backcall-0.2.0-pyhd3eb1b0_0.tar.bz2",
  "package_type": "noarch_python",
  "paths_data": {
    "paths": [
      {
        "_path": "site-packages/backcall-0.2.0.dist-info/INSTALLER",
        "path_type": "hardlink",
        "sha256": "d0edee15f91b406f3f99726e44eb990be6e34fd0345b52b910c568e0eef6a2a8",
        "sha256_in_prefix": "d0edee15f91b406f3f99726e44eb990be6e34fd0345b52b910c568e0eef6a2a8",
        "size_in_bytes": 5
      },
      {
        "_path": "site-packages/backcall-0.2.0.dist-info/LICENSE",
        "path_type": "hardlink",
        "sha256": "d422f8ce77312733c07f5fec8ccbe61d58d539774f7a66f37e4bc54740d86020",
        "sha256_in_prefix": "d422f8ce77312733c07f5fec8ccbe61d58d539774f7a66f37e4bc54740d86020",
        "size_in_bytes": 1490
      },
      {
        "_path": "site-packages/backcall-0.2.0.dist-info/METADATA",
        "path_type": "hardlink",
        "sha256": "2d3f3fa46849df8645f2358464bdcbfa107b1cb064b1c23aabd71d8a90d6c1aa",
        "sha256_in_prefix": "2d3f3fa46849df8645f2358464bdcbfa107b1cb064b1c23aabd71d8a90d6c1aa",
        "size_in_bytes": 1966
      },
      {
        "_path": "site-packages/backcall-0.2.0.dist-info/RECORD",
        "path_type": "hardlink",
        "sha256": "a98ce59c9d05365800b85f6bb9dd4f0da1d5590bae4556e1d96f04efa47a89b3",
        "sha256_in_prefix": "a98ce59c9d05365800b85f6bb9dd4f0da1d5590bae4556e1d96f04efa47a89b3",
        "size_in_bytes": 960
      },
      {
        "_path": "site-packages/backcall-0.2.0.dist-info/REQUESTED",
        "path_type": "hardlink",
        "sha256": "e3b0c44298fc1c149afbf4c8996fb92427ae41e4649b934ca495991b7852b855",
        "sha256_in_prefix": "e3b0c44298fc1c149afbf4c8996fb92427ae41e4649b934ca495991b7852b855",
        "size_in_bytes": 0
      },
      {
        "_path": "site-packages/backcall-0.2.0.dist-info/WHEEL",
        "path_type": "hardlink",
        "sha256": "34baa6b31f99159ea00dabd8821da81f465237e2919a971d1172190e7632f4f8",
        "sha256_in_prefix": "34baa6b31f99159ea00dabd8821da81f465237e2919a971d1172190e7632f4f8",
        "size_in_bytes": 99
      },
      {
        "_path": "site-packages/backcall-0.2.0.dist-info/direct_url.json",
        "path_type": "hardlink",
        "sha256": "56b43a22e3f61d47733770b6488b99d977e0fa257a0a4e4f63ff620864f74da6",
        "sha256_in_prefix": "56b43a22e3f61d47733770b6488b99d977e0fa257a0a4e4f63ff620864f74da6",
        "size_in_bytes": 81
      },
      {
        "_path": "site-packages/backcall/__init__.py",
        "path_type": "hardlink",
        "sha256": "bfd61414c08da701e97f2f4cfac7d50c861a7fed0c72823e012fb78fdf111b43",
        "sha256_in_prefix": "bfd61414c08da701e97f2f4cfac7d50c861a7fed0c72823e012fb78fdf111b43",
        "size_in_bytes": 213
      },
      {
        "_path": "site-packages/backcall/_signatures.py",
        "path_type": "hardlink",
        "sha256": "cb7a71fdf4c5559332f3e9b04cebd2c6538e68b51d1c9985dfb93b46ff4d5eed",
        "sha256_in_prefix": "cb7a71fdf4c5559332f3e9b04cebd2c6538e68b51d1c9985dfb93b46ff4d5eed",
        "size_in_bytes": 29847
      },
      {
        "_path": "site-packages/backcall/backcall.py",
        "path_type": "hardlink",
        "sha256": "0d0ccd5efe3b668a1af184d7e41135f51b8bc788f2ac4b105112531e1aa1738f",
        "sha256_in_prefix": "0d0ccd5efe3b668a1af184d7e41135f51b8bc788f2ac4b105112531e1aa1738f",
        "size_in_bytes": 3752
      },
      {
        "_path": "lib/python3.8/site-packages/backcall/__pycache__/__init__.cpython-38.pyc",
        "path_type": "pyc_file"
      },
      {
        "_path": "lib/python3.8/site-packages/backcall/__pycache__/_signatures.cpython-38.pyc",
        "path_type": "pyc_file"
      },
      {
        "_path": "lib/python3.8/site-packages/backcall/__pycache__/backcall.cpython-38.pyc",
        "path_type": "pyc_file"
      }
    ],
    "paths_version": 1
  },
  "requested_spec": "None",
  "sha256": "09f2cf5b30825a39257320204b08146367f4346655197515b2cabcd363736488",
  "size": 13636,
  "subdir": "noarch",
  "timestamp": 1611930018941,
  "track_features": "",
  "url": "https://mirrors.ustc.edu.cn/anaconda/pkgs/main/noarch/backcall-0.2.0-pyhd3eb1b0_0.tar.bz2",
  "version": "0.2.0"
}