{
  "build": "ha002fc5_10",
  "build_number": 10,
  "channel": "https://conda.anaconda.org/conda-forge/linux-64",
  "constrains": [
    "__cuda >=11"
  ],
  "depends": [
    "__glibc >=2.17,<3.0.a0",
    "libgcc-ng >=10.3.0",
    "libstdcxx-ng >=10.3.0"
  ],
  "extracted_package_dir": "/root/miniconda3/pkgs/cudatoolkit-11.1.1-ha002fc5_10",
  "features": "",
  "files": [
    "bin/.cudatoolkit-post-link.sh",
    "lib/libcublas.so",
    "lib/libcublas.so.11",
    "lib/libcublas.so.11.3.0.106",
    "lib/libcublasLt.so",
    "lib/libcublasLt.so.11",
    "lib/libcublasLt.so.11.3.0.106",
    "lib/libcudadevrt.a",
    "lib/libcudart.so",
    "lib/libcudart.so.11.0",
    "lib/libcudart.so.11.1.74",
    "lib/libcufft.so",
    "lib/libcufft.so.10",
    "lib/libcufft.so.10.3.0.105",
    "lib/libcufftw.so",
    "lib/libcufftw.so.10",
    "lib/libcufftw.so.10.3.0.105",
    "lib/libcupti.so",
    "lib/libcupti.so.11.1",
    "lib/libcupti.so.2020.2.1",
    "lib/libcurand.so",
    "lib/libcurand.so.10",
    "lib/libcurand.so.10.2.2.105",
    "lib/libcusolver.so",
    "lib/libcusolver.so.11",
    "lib/libcusolver.so.11.0.1.105",
    "lib/libcusolverMg.so",
    "lib/libcusolverMg.so.11",
    "lib/libcusolverMg.so.11.0.1.105",
    "lib/libcusparse.so",
    "lib/libcusparse.so.11",
    "lib/libcusparse.so.11.3.0.10",
    "lib/libdevice.10.bc",
    "lib/libnppc.so",
    "lib/libnppc.so.11",
    "lib/libnppc.so.11.1.2.301",
    "lib/libnppial.so",
    "lib/libnppial.so.11",
    "lib/libnppial.so.11.1.2.301",
    "lib/libnppicc.so",
    "lib/libnppicc.so.11",
    "lib/libnppicc.so.11.1.2.301",
    "lib/libnppidei.so",
    "lib/libnppidei.so.11",
    "lib/libnppidei.so.11.1.2.301",
    "lib/libnppif.so",
    "lib/libnppif.so.11",
    "lib/libnppif.so.11.1.2.301",
    "lib/libnppig.so",
    "lib/libnppig.so.11",
    "lib/libnppig.so.11.1.2.301",
    "lib/libnppim.so",
    "lib/libnppim.so.11",
    "lib/libnppim.so.11.1.2.301",
    "lib/libnppist.so",
    "lib/libnppist.so.11",
    "lib/libnppist.so.11.1.2.301",
    "lib/libnppisu.so",
    "lib/libnppisu.so.11",
    "lib/libnppisu.so.11.1.2.301",
    "lib/libnppitc.so",
    "lib/libnppitc.so.11",
    "lib/libnppitc.so.11.1.2.301",
    "lib/libnpps.so",
    "lib/libnpps.so.11",
    "lib/libnpps.so.11.1.2.301",
    "lib/libnvToolsExt.so",
    "lib/libnvToolsExt.so.1",
    "lib/libnvToolsExt.so.1.0.0",
    "lib/libnvblas.so",
    "lib/libnvblas.so.11",
    "lib/libnvblas.so.11.3.0.106",
    "lib/libnvjpeg.so",
    "lib/libnvjpeg.so.11",
    "lib/libnvjpeg.so.11.3.0.105",
    "lib/libnvrtc-builtins.so",
    "lib/libnvrtc-builtins.so.11.1",
    "lib/libnvrtc-builtins.so.11.1.105",
    "lib/libnvrtc.so",
    "lib/libnvrtc.so.11.1",
    "lib/libnvrtc.so.11.1.105",
    "lib/libnvvm.so",
    "lib/libnvvm.so.3",
    "lib/libnvvm.so.3.3.0"
  ],
  "fn": "cudatoolkit-11.1.1-ha002fc5_10.tar.bz2",
  "license": "LicenseRef-NVIDIA-End-User-License-Agreement",
  "link": {
    "source": "/root/miniconda3/pkgs/cudatoolkit-11.1.1-ha002fc5_10",
    "type": 1
  },
  "md5": "8359ae7b619ed4876d8bcd620c483c9a",
  "name": "cudatoolkit",
  "package_tarball_full_path": "/root/miniconda3/pkgs/cudatoolkit-11.1.1-ha002fc5_10.tar.bz2",
  "paths_data": {
    "paths": [
      {
        "_path": "bin/.cudatoolkit-post-link.sh",
        "path_type": "hardlink",
        "sha256": "4605bbe9bccb875db034ddd0eb5fb765dc0290b797082c08e732de5396e7fbc1",
        "sha256_in_prefix": "4605bbe9bccb875db034ddd0eb5fb765dc0290b797082c08e732de5396e7fbc1",
        "size_in_bytes": 513
      },
      {
        "_path": "lib/libcublas.so",
        "path_type": "softlink",
        "sha256": "adc8b48693adef4cf6989a1ee6a93f55929ff49ac64b8f5de14fc598da822b35",
        "size_in_bytes": 136439272
      },
      {
        "_path": "lib/libcublas.so.11",
        "path_type": "softlink",
        "sha256": "adc8b48693adef4cf6989a1ee6a93f55929ff49ac64b8f5de14fc598da822b35",
        "size_in_bytes": 136439272
      },
      {
        "_path": "lib/libcublas.so.11.3.0.106",
        "path_type": "hardlink",
        "sha256": "adc8b48693adef4cf6989a1ee6a93f55929ff49ac64b8f5de14fc598da822b35",
        "sha256_in_prefix": "adc8b48693adef4cf6989a1ee6a93f55929ff49ac64b8f5de14fc598da822b35",
        "size_in_bytes": 136439272
      },
      {
        "_path": "lib/libcublasLt.so",
        "path_type": "softlink",
        "sha256": "5352c9dd6ded3240241af67fd6b3a1577f878733462097f1d4b6eb4f88a64fb1",
        "size_in_bytes": 224606176
      },
      {
        "_path": "lib/libcublasLt.so.11",
        "path_type": "softlink",
        "sha256": "5352c9dd6ded3240241af67fd6b3a1577f878733462097f1d4b6eb4f88a64fb1",
        "size_in_bytes": 224606176
      },
      {
        "_path": "lib/libcublasLt.so.11.3.0.106",
        "path_type": "hardlink",
        "sha256": "5352c9dd6ded3240241af67fd6b3a1577f878733462097f1d4b6eb4f88a64fb1",
        "sha256_in_prefix": "5352c9dd6ded3240241af67fd6b3a1577f878733462097f1d4b6eb4f88a64fb1",
        "size_in_bytes": 224606176
      },
      {
        "_path": "lib/libcudadevrt.a",
        "path_type": "hardlink",
        "sha256": "72b66f78ee1f105d6e82806ef9798f6b028ce5ad724c183c3215d1ce2c2d1929",
        "sha256_in_prefix": "72b66f78ee1f105d6e82806ef9798f6b028ce5ad724c183c3215d1ce2c2d1929",
        "size_in_bytes": 1041380
      },
      {
        "_path": "lib/libcudart.so",
        "path_type": "softlink",
        "sha256": "324e82345859521a63ee8bf281e8adbe028bd7d6e500f2d3e849800f033bb2f1",
        "size_in_bytes": 554032
      },
      {
        "_path": "lib/libcudart.so.11.0",
        "path_type": "softlink",
        "sha256": "324e82345859521a63ee8bf281e8adbe028bd7d6e500f2d3e849800f033bb2f1",
        "size_in_bytes": 554032
      },
      {
        "_path": "lib/libcudart.so.11.1.74",
        "path_type": "hardlink",
        "sha256": "324e82345859521a63ee8bf281e8adbe028bd7d6e500f2d3e849800f033bb2f1",
        "sha256_in_prefix": "324e82345859521a63ee8bf281e8adbe028bd7d6e500f2d3e849800f033bb2f1",
        "size_in_bytes": 554032
      },
      {
        "_path": "lib/libcufft.so",
        "path_type": "softlink",
        "sha256": "d25370fdc99eb566911480bc919444f049fc9d70c5619dd3eb6327432a6dd74c",
        "size_in_bytes": 235970600
      },
      {
        "_path": "lib/libcufft.so.10",
        "path_type": "softlink",
        "sha256": "d25370fdc99eb566911480bc919444f049fc9d70c5619dd3eb6327432a6dd74c",
        "size_in_bytes": 235970600
      },
      {
        "_path": "lib/libcufft.so.10.3.0.105",
        "path_type": "hardlink",
        "sha256": "d25370fdc99eb566911480bc919444f049fc9d70c5619dd3eb6327432a6dd74c",
        "sha256_in_prefix": "d25370fdc99eb566911480bc919444f049fc9d70c5619dd3eb6327432a6dd74c",
        "size_in_bytes": 235970600
      },
      {
        "_path": "lib/libcufftw.so",
        "path_type": "softlink",
        "sha256": "d220bbab5dd51e52db5e6b4a70fc6c23cfe1aa1e7afade6f39cf36290eaf301c",
        "size_in_bytes": 561320
      },
      {
        "_path": "lib/libcufftw.so.10",
        "path_type": "softlink",
        "sha256": "d220bbab5dd51e52db5e6b4a70fc6c23cfe1aa1e7afade6f39cf36290eaf301c",
        "size_in_bytes": 561320
      },
      {
        "_path": "lib/libcufftw.so.10.3.0.105",
        "path_type": "hardlink",
        "sha256": "d220bbab5dd51e52db5e6b4a70fc6c23cfe1aa1e7afade6f39cf36290eaf301c",
        "sha256_in_prefix": "d220bbab5dd51e52db5e6b4a70fc6c23cfe1aa1e7afade6f39cf36290eaf301c",
        "size_in_bytes": 561320
      },
      {
        "_path": "lib/libcupti.so",
        "path_type": "softlink",
        "sha256": "95653e3c063ff239b7c056e9163de9c5434bf88729c1654109591a29a2c6179f",
        "size_in_bytes": 6583536
      },
      {
        "_path": "lib/libcupti.so.11.1",
        "path_type": "softlink",
        "sha256": "95653e3c063ff239b7c056e9163de9c5434bf88729c1654109591a29a2c6179f",
        "size_in_bytes": 6583536
      },
      {
        "_path": "lib/libcupti.so.2020.2.1",
        "path_type": "hardlink",
        "sha256": "95653e3c063ff239b7c056e9163de9c5434bf88729c1654109591a29a2c6179f",
        "sha256_in_prefix": "95653e3c063ff239b7c056e9163de9c5434bf88729c1654109591a29a2c6179f",
        "size_in_bytes": 6583536
      },
      {
        "_path": "lib/libcurand.so",
        "path_type": "softlink",
        "sha256": "76bb96e281869003fe4ce4e5f2eecc39a9fd715ba570733ce2748dcf506337f4",
        "size_in_bytes": 75349056
      },
      {
        "_path": "lib/libcurand.so.10",
        "path_type": "softlink",
        "sha256": "76bb96e281869003fe4ce4e5f2eecc39a9fd715ba570733ce2748dcf506337f4",
        "size_in_bytes": 75349056
      },
      {
        "_path": "lib/libcurand.so.10.2.2.105",
        "path_type": "hardlink",
        "sha256": "76bb96e281869003fe4ce4e5f2eecc39a9fd715ba570733ce2748dcf506337f4",
        "sha256_in_prefix": "76bb96e281869003fe4ce4e5f2eecc39a9fd715ba570733ce2748dcf506337f4",
        "size_in_bytes": 75349056
      },
      {
        "_path": "lib/libcusolver.so",
        "path_type": "softlink",
        "sha256": "c04e10fa63efbf30673d73a2e78f6c601691214843aeb6f3777c808e15f0f91a",
        "size_in_bytes": 697926000
      },
      {
        "_path": "lib/libcusolver.so.11",
        "path_type": "softlink",
        "sha256": "c04e10fa63efbf30673d73a2e78f6c601691214843aeb6f3777c808e15f0f91a",
        "size_in_bytes": 697926000
      },
      {
        "_path": "lib/libcusolver.so.11.0.1.105",
        "path_type": "hardlink",
        "sha256": "c04e10fa63efbf30673d73a2e78f6c601691214843aeb6f3777c808e15f0f91a",
        "sha256_in_prefix": "c04e10fa63efbf30673d73a2e78f6c601691214843aeb6f3777c808e15f0f91a",
        "size_in_bytes": 697926000
      },
      {
        "_path": "lib/libcusolverMg.so",
        "path_type": "softlink",
        "sha256": "744290dcee291a3d8d4c7f0d2afb8231e6a8a575f86d5ea2c7155085320bea61",
        "size_in_bytes": 402002024
      },
      {
        "_path": "lib/libcusolverMg.so.11",
        "path_type": "softlink",
        "sha256": "744290dcee291a3d8d4c7f0d2afb8231e6a8a575f86d5ea2c7155085320bea61",
        "size_in_bytes": 402002024
      },
      {
        "_path": "lib/libcusolverMg.so.11.0.1.105",
        "path_type": "hardlink",
        "sha256": "744290dcee291a3d8d4c7f0d2afb8231e6a8a575f86d5ea2c7155085320bea61",
        "sha256_in_prefix": "744290dcee291a3d8d4c7f0d2afb8231e6a8a575f86d5ea2c7155085320bea61",
        "size_in_bytes": 402002024
      },
      {
        "_path": "lib/libcusparse.so",
        "path_type": "softlink",
        "sha256": "5d466ee9bbc797d4e376d0e60e899115716e0f176d5b97025ddd921443e24080",
        "size_in_bytes": 235127120
      },
      {
        "_path": "lib/libcusparse.so.11",
        "path_type": "softlink",
        "sha256": "5d466ee9bbc797d4e376d0e60e899115716e0f176d5b97025ddd921443e24080",
        "size_in_bytes": 235127120
      },
      {
        "_path": "lib/libcusparse.so.11.3.0.10",
        "path_type": "hardlink",
        "sha256": "5d466ee9bbc797d4e376d0e60e899115716e0f176d5b97025ddd921443e24080",
        "sha256_in_prefix": "5d466ee9bbc797d4e376d0e60e899115716e0f176d5b97025ddd921443e24080",
        "size_in_bytes": 235127120
      },
      {
        "_path": "lib/libdevice.10.bc",
        "path_type": "hardlink",
        "sha256": "6d946bb8d25866ba1f6a65f5733bb2e4b681b5590de9eaccc32ec6ddb9eddded",
        "sha256_in_prefix": "6d946bb8d25866ba1f6a65f5733bb2e4b681b5590de9eaccc32ec6ddb9eddded",
        "size_in_bytes": 471124
      },
      {
        "_path": "lib/libnppc.so",
        "path_type": "softlink",
        "sha256": "d273c791a087f33b46f459fb420c65d5fde16ec5a163675c52d3c92eebb5705d",
        "size_in_bytes": 555720
      },
      {
        "_path": "lib/libnppc.so.11",
        "path_type": "softlink",
        "sha256": "d273c791a087f33b46f459fb420c65d5fde16ec5a163675c52d3c92eebb5705d",
        "size_in_bytes": 555720
      },
      {
        "_path": "lib/libnppc.so.11.1.2.301",
        "path_type": "hardlink",
        "sha256": "d273c791a087f33b46f459fb420c65d5fde16ec5a163675c52d3c92eebb5705d",
        "sha256_in_prefix": "d273c791a087f33b46f459fb420c65d5fde16ec5a163675c52d3c92eebb5705d",
        "size_in_bytes": 555720
      },
      {
        "_path": "lib/libnppial.so",
        "path_type": "softlink",
        "sha256": "5b6040c48017b714fa8377c87861ff20ae3506949ebcd656575361c6c2dfbbaa",
        "size_in_bytes": 14279152
      },
      {
        "_path": "lib/libnppial.so.11",
        "path_type": "softlink",
        "sha256": "5b6040c48017b714fa8377c87861ff20ae3506949ebcd656575361c6c2dfbbaa",
        "size_in_bytes": 14279152
      },
      {
        "_path": "lib/libnppial.so.11.1.2.301",
        "path_type": "hardlink",
        "sha256": "5b6040c48017b714fa8377c87861ff20ae3506949ebcd656575361c6c2dfbbaa",
        "sha256_in_prefix": "5b6040c48017b714fa8377c87861ff20ae3506949ebcd656575361c6c2dfbbaa",
        "size_in_bytes": 14279152
      },
      {
        "_path": "lib/libnppicc.so",
        "path_type": "softlink",
        "sha256": "fa0457f3b51623c07e9d6f6f85c6c3411746b6605a1a018c3c7d982012f12e53",
        "size_in_bytes": 6225752
      },
      {
        "_path": "lib/libnppicc.so.11",
        "path_type": "softlink",
        "sha256": "fa0457f3b51623c07e9d6f6f85c6c3411746b6605a1a018c3c7d982012f12e53",
        "size_in_bytes": 6225752
      },
      {
        "_path": "lib/libnppicc.so.11.1.2.301",
        "path_type": "hardlink",
        "sha256": "fa0457f3b51623c07e9d6f6f85c6c3411746b6605a1a018c3c7d982012f12e53",
        "sha256_in_prefix": "fa0457f3b51623c07e9d6f6f85c6c3411746b6605a1a018c3c7d982012f12e53",
        "size_in_bytes": 6225752
      },
      {
        "_path": "lib/libnppidei.so",
        "path_type": "softlink",
        "sha256": "cb0b7e8885adcb53f2100d9444ae8c51af461521b769483d8797852ea16c5b1f",
        "size_in_bytes": 10033760
      },
      {
        "_path": "lib/libnppidei.so.11",
        "path_type": "softlink",
        "sha256": "cb0b7e8885adcb53f2100d9444ae8c51af461521b769483d8797852ea16c5b1f",
        "size_in_bytes": 10033760
      },
      {
        "_path": "lib/libnppidei.so.11.1.2.301",
        "path_type": "hardlink",
        "sha256": "cb0b7e8885adcb53f2100d9444ae8c51af461521b769483d8797852ea16c5b1f",
        "sha256_in_prefix": "cb0b7e8885adcb53f2100d9444ae8c51af461521b769483d8797852ea16c5b1f",
        "size_in_bytes": 10033760
      },
      {
        "_path": "lib/libnppif.so",
        "path_type": "softlink",
        "sha256": "76900e65cacc2e16ba23ad6fae343ef287e82f27c9098545aa9a93d45e794980",
        "size_in_bytes": 72492480
      },
      {
        "_path": "lib/libnppif.so.11",
        "path_type": "softlink",
        "sha256": "76900e65cacc2e16ba23ad6fae343ef287e82f27c9098545aa9a93d45e794980",
        "size_in_bytes": 72492480
      },
      {
        "_path": "lib/libnppif.so.11.1.2.301",
        "path_type": "hardlink",
        "sha256": "76900e65cacc2e16ba23ad6fae343ef287e82f27c9098545aa9a93d45e794980",
        "sha256_in_prefix": "76900e65cacc2e16ba23ad6fae343ef287e82f27c9098545aa9a93d45e794980",
        "size_in_bytes": 72492480
      },
      {
        "_path": "lib/libnppig.so",
        "path_type": "softlink",
        "sha256": "accfe103679a345330980c71abb8d9d1e8bc6f6c55a77e5b733883c97e7c987f",
        "size_in_bytes": 38267024
      },
      {
        "_path": "lib/libnppig.so.11",
        "path_type": "softlink",
        "sha256": "accfe103679a345330980c71abb8d9d1e8bc6f6c55a77e5b733883c97e7c987f",
        "size_in_bytes": 38267024
      },
      {
        "_path": "lib/libnppig.so.11.1.2.301",
        "path_type": "hardlink",
        "sha256": "accfe103679a345330980c71abb8d9d1e8bc6f6c55a77e5b733883c97e7c987f",
        "sha256_in_prefix": "accfe103679a345330980c71abb8d9d1e8bc6f6c55a77e5b733883c97e7c987f",
        "size_in_bytes": 38267024
      },
      {
        "_path": "lib/libnppim.so",
        "path_type": "softlink",
        "sha256": "55a0e6fc0ddca1c0e4922c489d142c20c940358782b70899244f4cf31545c5a0",
        "size_in_bytes": 9146744
      },
      {
        "_path": "lib/libnppim.so.11",
        "path_type": "softlink",
        "sha256": "55a0e6fc0ddca1c0e4922c489d142c20c940358782b70899244f4cf31545c5a0",
        "size_in_bytes": 9146744
      },
      {
        "_path": "lib/libnppim.so.11.1.2.301",
        "path_type": "hardlink",
        "sha256": "55a0e6fc0ddca1c0e4922c489d142c20c940358782b70899244f4cf31545c5a0",
        "sha256_in_prefix": "55a0e6fc0ddca1c0e4922c489d142c20c940358782b70899244f4cf31545c5a0",
        "size_in_bytes": 9146744
      },
      {
        "_path": "lib/libnppist.so",
        "path_type": "softlink",
        "sha256": "9e9ee6e01a84706c0475d802309ba67d53b5efb575adac23db65aec197a63291",
        "size_in_bytes": 27859984
      },
      {
        "_path": "lib/libnppist.so.11",
        "path_type": "softlink",
        "sha256": "9e9ee6e01a84706c0475d802309ba67d53b5efb575adac23db65aec197a63291",
        "size_in_bytes": 27859984
      },
      {
        "_path": "lib/libnppist.so.11.1.2.301",
        "path_type": "hardlink",
        "sha256": "9e9ee6e01a84706c0475d802309ba67d53b5efb575adac23db65aec197a63291",
        "sha256_in_prefix": "9e9ee6e01a84706c0475d802309ba67d53b5efb575adac23db65aec197a63291",
        "size_in_bytes": 27859984
      },
      {
        "_path": "lib/libnppisu.so",
        "path_type": "softlink",
        "sha256": "05685d075bf2a700cb3e4228b41c97e67c4fac851d9078ebd31e394ef836df50",
        "size_in_bytes": 543504
      },
      {
        "_path": "lib/libnppisu.so.11",
        "path_type": "softlink",
        "sha256": "05685d075bf2a700cb3e4228b41c97e67c4fac851d9078ebd31e394ef836df50",
        "size_in_bytes": 543504
      },
      {
        "_path": "lib/libnppisu.so.11.1.2.301",
        "path_type": "hardlink",
        "sha256": "05685d075bf2a700cb3e4228b41c97e67c4fac851d9078ebd31e394ef836df50",
        "sha256_in_prefix": "05685d075bf2a700cb3e4228b41c97e67c4fac851d9078ebd31e394ef836df50",
        "size_in_bytes": 543504
      },
      {
        "_path": "lib/libnppitc.so",
        "path_type": "softlink",
        "sha256": "088d2bb1e27da540ffb790fa34e6ff4f4fba160cc5d54db646d498f8f53fa0ba",
        "size_in_bytes": 3994504
      },
      {
        "_path": "lib/libnppitc.so.11",
        "path_type": "softlink",
        "sha256": "088d2bb1e27da540ffb790fa34e6ff4f4fba160cc5d54db646d498f8f53fa0ba",
        "size_in_bytes": 3994504
      },
      {
        "_path": "lib/libnppitc.so.11.1.2.301",
        "path_type": "hardlink",
        "sha256": "088d2bb1e27da540ffb790fa34e6ff4f4fba160cc5d54db646d498f8f53fa0ba",
        "sha256_in_prefix": "088d2bb1e27da540ffb790fa34e6ff4f4fba160cc5d54db646d498f8f53fa0ba",
        "size_in_bytes": 3994504
      },
      {
        "_path": "lib/libnpps.so",
        "path_type": "softlink",
        "sha256": "809013686d28f828db5809d0d0db3744e4d74ff94f736d4883e0c98884e790af",
        "size_in_bytes": 12719680
      },
      {
        "_path": "lib/libnpps.so.11",
        "path_type": "softlink",
        "sha256": "809013686d28f828db5809d0d0db3744e4d74ff94f736d4883e0c98884e790af",
        "size_in_bytes": 12719680
      },
      {
        "_path": "lib/libnpps.so.11.1.2.301",
        "path_type": "hardlink",
        "sha256": "809013686d28f828db5809d0d0db3744e4d74ff94f736d4883e0c98884e790af",
        "sha256_in_prefix": "809013686d28f828db5809d0d0db3744e4d74ff94f736d4883e0c98884e790af",
        "size_in_bytes": 12719680
      },
      {
        "_path": "lib/libnvToolsExt.so",
        "path_type": "softlink",
        "sha256": "71b70b4fcb3a923f98b8aa9df0d239c226fc5dcd46d1301b985e130f7bdff0e8",
        "size_in_bytes": 39576
      },
      {
        "_path": "lib/libnvToolsExt.so.1",
        "path_type": "softlink",
        "sha256": "71b70b4fcb3a923f98b8aa9df0d239c226fc5dcd46d1301b985e130f7bdff0e8",
        "size_in_bytes": 39576
      },
      {
        "_path": "lib/libnvToolsExt.so.1.0.0",
        "path_type": "hardlink",
        "sha256": "71b70b4fcb3a923f98b8aa9df0d239c226fc5dcd46d1301b985e130f7bdff0e8",
        "sha256_in_prefix": "71b70b4fcb3a923f98b8aa9df0d239c226fc5dcd46d1301b985e130f7bdff0e8",
        "size_in_bytes": 39576
      },
      {
        "_path": "lib/libnvblas.so",
        "path_type": "softlink",
        "sha256": "05dd02f746591da25044cd32908f2294474982db93690341e8a2ff05b8cf1e54",
        "size_in_bytes": 597456
      },
      {
        "_path": "lib/libnvblas.so.11",
        "path_type": "softlink",
        "sha256": "05dd02f746591da25044cd32908f2294474982db93690341e8a2ff05b8cf1e54",
        "size_in_bytes": 597456
      },
      {
        "_path": "lib/libnvblas.so.11.3.0.106",
        "path_type": "hardlink",
        "sha256": "05dd02f746591da25044cd32908f2294474982db93690341e8a2ff05b8cf1e54",
        "sha256_in_prefix": "05dd02f746591da25044cd32908f2294474982db93690341e8a2ff05b8cf1e54",
        "size_in_bytes": 597456
      },
      {
        "_path": "lib/libnvjpeg.so",
        "path_type": "softlink",
        "sha256": "8e0ed2964c6eabd2865c4294d7adf9f88dfa925f62fd86b2558825505e1c7e04",
        "size_in_bytes": 4495200
      },
      {
        "_path": "lib/libnvjpeg.so.11",
        "path_type": "softlink",
        "sha256": "8e0ed2964c6eabd2865c4294d7adf9f88dfa925f62fd86b2558825505e1c7e04",
        "size_in_bytes": 4495200
      },
      {
        "_path": "lib/libnvjpeg.so.11.3.0.105",
        "path_type": "hardlink",
        "sha256": "8e0ed2964c6eabd2865c4294d7adf9f88dfa925f62fd86b2558825505e1c7e04",
        "sha256_in_prefix": "8e0ed2964c6eabd2865c4294d7adf9f88dfa925f62fd86b2558825505e1c7e04",
        "size_in_bytes": 4495200
      },
      {
        "_path": "lib/libnvrtc-builtins.so",
        "path_type": "softlink",
        "sha256": "4ac460258aacb3b6d9116f8f9103c20a0188d793a2357fda0ac0b9281616f93a",
        "size_in_bytes": 5649632
      },
      {
        "_path": "lib/libnvrtc-builtins.so.11.1",
        "path_type": "softlink",
        "sha256": "4ac460258aacb3b6d9116f8f9103c20a0188d793a2357fda0ac0b9281616f93a",
        "size_in_bytes": 5649632
      },
      {
        "_path": "lib/libnvrtc-builtins.so.11.1.105",
        "path_type": "hardlink",
        "sha256": "4ac460258aacb3b6d9116f8f9103c20a0188d793a2357fda0ac0b9281616f93a",
        "sha256_in_prefix": "4ac460258aacb3b6d9116f8f9103c20a0188d793a2357fda0ac0b9281616f93a",
        "size_in_bytes": 5649632
      },
      {
        "_path": "lib/libnvrtc.so",
        "path_type": "softlink",
        "sha256": "9aa191460655138364c748c4fde0da3fcbf7401b2251583bee19fde81406330d",
        "size_in_bytes": 32597728
      },
      {
        "_path": "lib/libnvrtc.so.11.1",
        "path_type": "softlink",
        "sha256": "9aa191460655138364c748c4fde0da3fcbf7401b2251583bee19fde81406330d",
        "size_in_bytes": 32597728
      },
      {
        "_path": "lib/libnvrtc.so.11.1.105",
        "path_type": "hardlink",
        "sha256": "9aa191460655138364c748c4fde0da3fcbf7401b2251583bee19fde81406330d",
        "sha256_in_prefix": "9aa191460655138364c748c4fde0da3fcbf7401b2251583bee19fde81406330d",
        "size_in_bytes": 32597728
      },
      {
        "_path": "lib/libnvvm.so",
        "path_type": "softlink",
        "sha256": "a507304445309b50434324cb6e1e02cedc6e50b08d69fa183068e1ba201d9ea4",
        "size_in_bytes": 15599000
      },
      {
        "_path": "lib/libnvvm.so.3",
        "path_type": "softlink",
        "sha256": "a507304445309b50434324cb6e1e02cedc6e50b08d69fa183068e1ba201d9ea4",
        "size_in_bytes": 15599000
      },
      {
        "_path": "lib/libnvvm.so.3.3.0",
        "path_type": "hardlink",
        "sha256": "a507304445309b50434324cb6e1e02cedc6e50b08d69fa183068e1ba201d9ea4",
        "sha256_in_prefix": "a507304445309b50434324cb6e1e02cedc6e50b08d69fa183068e1ba201d9ea4",
        "size_in_bytes": 15599000
      }
    ],
    "paths_version": 1
  },
  "requested_spec": "cudatoolkit",
  "sha256": "1a186e2a94e17c22d2dce45a1105499fbcd526f14996af6e4b00ba531dfc12d5",
  "size": 1293142526,
  "subdir": "linux-64",
  "timestamp": 1652993381099,
  "track_features": "",
  "url": "https://conda.anaconda.org/conda-forge/linux-64/cudatoolkit-11.1.1-ha002fc5_10.tar.bz2",
  "version": "11.1.1"
}