{
  "build": "cuda11_0",
  "build_number": 0,
  "channel": "https://mirrors.ustc.edu.cn/anaconda/pkgs/main/linux-64",
  "constrains": [],
  "depends": [
    "cudatoolkit 11.*"
  ],
  "extracted_package_dir": "/root/miniconda3/pkgs/cudnn-8.9.2.26-cuda11_0",
  "features": "",
  "files": [
    "include/cudnn.h",
    "include/cudnn_adv_infer.h",
    "include/cudnn_adv_infer_v8.h",
    "include/cudnn_adv_train.h",
    "include/cudnn_adv_train_v8.h",
    "include/cudnn_backend.h",
    "include/cudnn_backend_v8.h",
    "include/cudnn_cnn_infer.h",
    "include/cudnn_cnn_infer_v8.h",
    "include/cudnn_cnn_train.h",
    "include/cudnn_cnn_train_v8.h",
    "include/cudnn_ops_infer.h",
    "include/cudnn_ops_infer_v8.h",
    "include/cudnn_ops_train.h",
    "include/cudnn_ops_train_v8.h",
    "include/cudnn_v8.h",
    "include/cudnn_version.h",
    "include/cudnn_version_v8.h",
    "lib/libcudnn.so",
    "lib/libcudnn.so.8",
    "lib/libcudnn.so.8.9.2",
    "lib/libcudnn_adv_infer.so",
    "lib/libcudnn_adv_infer.so.8",
    "lib/libcudnn_adv_infer.so.8.9.2",
    "lib/libcudnn_adv_train.so",
    "lib/libcudnn_adv_train.so.8",
    "lib/libcudnn_adv_train.so.8.9.2",
    "lib/libcudnn_cnn_infer.so",
    "lib/libcudnn_cnn_infer.so.8",
    "lib/libcudnn_cnn_infer.so.8.9.2",
    "lib/libcudnn_cnn_train.so",
    "lib/libcudnn_cnn_train.so.8",
    "lib/libcudnn_cnn_train.so.8.9.2",
    "lib/libcudnn_ops_infer.so",
    "lib/libcudnn_ops_infer.so.8",
    "lib/libcudnn_ops_infer.so.8.9.2",
    "lib/libcudnn_ops_train.so",
    "lib/libcudnn_ops_train.so.8",
    "lib/libcudnn_ops_train.so.8.9.2"
  ],
  "fn": "cudnn-8.9.2.26-cuda11_0.conda",
  "legacy_bz2_md5": "f14a9062c89e9ec355a0a3dbcfa6aa99",
  "license": "Proprietary",
  "license_family": "PROPRIETARY",
  "link": {
    "source": "/root/miniconda3/pkgs/cudnn-8.9.2.26-cuda11_0",
    "type": 1
  },
  "md5": "e589bfd90e598c42a088794e61ad6be2",
  "name": "cudnn",
  "package_tarball_full_path": "/root/miniconda3/pkgs/cudnn-8.9.2.26-cuda11_0.conda",
  "paths_data": {
    "paths": [
      {
        "_path": "include/cudnn.h",
        "path_type": "hardlink",
        "sha256": "b6afa5d94172a487cae1c321177f39e7a3ba9df4914453d198285a5c54ed0976",
        "sha256_in_prefix": "b6afa5d94172a487cae1c321177f39e7a3ba9df4914453d198285a5c54ed0976",
        "size_in_bytes": 2968
      },
      {
        "_path": "include/cudnn_adv_infer.h",
        "path_type": "hardlink",
        "sha256": "6d09051fac66be8ad884fbada987f8dff9c728c34d7dcec499449adcb8edb875",
        "sha256_in_prefix": "6d09051fac66be8ad884fbada987f8dff9c728c34d7dcec499449adcb8edb875",
        "size_in_bytes": 29027
      },
      {
        "_path": "include/cudnn_adv_infer_v8.h",
        "path_type": "hardlink",
        "sha256": "6d09051fac66be8ad884fbada987f8dff9c728c34d7dcec499449adcb8edb875",
        "sha256_in_prefix": "6d09051fac66be8ad884fbada987f8dff9c728c34d7dcec499449adcb8edb875",
        "size_in_bytes": 29027
      },
      {
        "_path": "include/cudnn_adv_train.h",
        "path_type": "hardlink",
        "sha256": "7241b53af4165b6087895216064b79d97a6f587b96d95ed18d373e8d1cdcab1c",
        "sha256_in_prefix": "7241b53af4165b6087895216064b79d97a6f587b96d95ed18d373e8d1cdcab1c",
        "size_in_bytes": 27700
      },
      {
        "_path": "include/cudnn_adv_train_v8.h",
        "path_type": "hardlink",
        "sha256": "7241b53af4165b6087895216064b79d97a6f587b96d95ed18d373e8d1cdcab1c",
        "sha256_in_prefix": "7241b53af4165b6087895216064b79d97a6f587b96d95ed18d373e8d1cdcab1c",
        "size_in_bytes": 27700
      },
      {
        "_path": "include/cudnn_backend.h",
        "path_type": "hardlink",
        "sha256": "6e81864c6a55e2ef2260e40d12834e65984ed3266d260e0fc6d41f8acce4672e",
        "sha256_in_prefix": "6e81864c6a55e2ef2260e40d12834e65984ed3266d260e0fc6d41f8acce4672e",
        "size_in_bytes": 25332
      },
      {
        "_path": "include/cudnn_backend_v8.h",
        "path_type": "hardlink",
        "sha256": "6e81864c6a55e2ef2260e40d12834e65984ed3266d260e0fc6d41f8acce4672e",
        "sha256_in_prefix": "6e81864c6a55e2ef2260e40d12834e65984ed3266d260e0fc6d41f8acce4672e",
        "size_in_bytes": 25332
      },
      {
        "_path": "include/cudnn_cnn_infer.h",
        "path_type": "hardlink",
        "sha256": "adf7f9acc18af62ecaaa1f7be0cad3d781415c82b4eb2c6d77478c4dd0c3cb1b",
        "sha256_in_prefix": "adf7f9acc18af62ecaaa1f7be0cad3d781415c82b4eb2c6d77478c4dd0c3cb1b",
        "size_in_bytes": 29083
      },
      {
        "_path": "include/cudnn_cnn_infer_v8.h",
        "path_type": "hardlink",
        "sha256": "adf7f9acc18af62ecaaa1f7be0cad3d781415c82b4eb2c6d77478c4dd0c3cb1b",
        "sha256_in_prefix": "adf7f9acc18af62ecaaa1f7be0cad3d781415c82b4eb2c6d77478c4dd0c3cb1b",
        "size_in_bytes": 29083
      },
      {
        "_path": "include/cudnn_cnn_train.h",
        "path_type": "hardlink",
        "sha256": "e8e7e4e5e9dcc0bcaaa1f351a289309de1883af4f3568b85388153f44e46373e",
        "sha256_in_prefix": "e8e7e4e5e9dcc0bcaaa1f351a289309de1883af4f3568b85388153f44e46373e",
        "size_in_bytes": 10217
      },
      {
        "_path": "include/cudnn_cnn_train_v8.h",
        "path_type": "hardlink",
        "sha256": "e8e7e4e5e9dcc0bcaaa1f351a289309de1883af4f3568b85388153f44e46373e",
        "sha256_in_prefix": "e8e7e4e5e9dcc0bcaaa1f351a289309de1883af4f3568b85388153f44e46373e",
        "size_in_bytes": 10217
      },
      {
        "_path": "include/cudnn_ops_infer.h",
        "path_type": "hardlink",
        "sha256": "62180648cbb098f544e819ffe416ae0e683bdfee4240b8015c69d13f6e11f521",
        "sha256_in_prefix": "62180648cbb098f544e819ffe416ae0e683bdfee4240b8015c69d13f6e11f521",
        "size_in_bytes": 49631
      },
      {
        "_path": "include/cudnn_ops_infer_v8.h",
        "path_type": "hardlink",
        "sha256": "62180648cbb098f544e819ffe416ae0e683bdfee4240b8015c69d13f6e11f521",
        "sha256_in_prefix": "62180648cbb098f544e819ffe416ae0e683bdfee4240b8015c69d13f6e11f521",
        "size_in_bytes": 49631
      },
      {
        "_path": "include/cudnn_ops_train.h",
        "path_type": "hardlink",
        "sha256": "7e9da0858d1cef72c0a817c48d6bbe4dc14c2309bd59f79dade44128ff2a3a3c",
        "sha256_in_prefix": "7e9da0858d1cef72c0a817c48d6bbe4dc14c2309bd59f79dade44128ff2a3a3c",
        "size_in_bytes": 25733
      },
      {
        "_path": "include/cudnn_ops_train_v8.h",
        "path_type": "hardlink",
        "sha256": "7e9da0858d1cef72c0a817c48d6bbe4dc14c2309bd59f79dade44128ff2a3a3c",
        "sha256_in_prefix": "7e9da0858d1cef72c0a817c48d6bbe4dc14c2309bd59f79dade44128ff2a3a3c",
        "size_in_bytes": 25733
      },
      {
        "_path": "include/cudnn_v8.h",
        "path_type": "hardlink",
        "sha256": "b6afa5d94172a487cae1c321177f39e7a3ba9df4914453d198285a5c54ed0976",
        "sha256_in_prefix": "b6afa5d94172a487cae1c321177f39e7a3ba9df4914453d198285a5c54ed0976",
        "size_in_bytes": 2968
      },
      {
        "_path": "include/cudnn_version.h",
        "path_type": "hardlink",
        "sha256": "43c2069838bb5341dc5d3f5c879e99204b6a606a106948117c4f483de0172879",
        "sha256_in_prefix": "43c2069838bb5341dc5d3f5c879e99204b6a606a106948117c4f483de0172879",
        "size_in_bytes": 4019
      },
      {
        "_path": "include/cudnn_version_v8.h",
        "path_type": "hardlink",
        "sha256": "43c2069838bb5341dc5d3f5c879e99204b6a606a106948117c4f483de0172879",
        "sha256_in_prefix": "43c2069838bb5341dc5d3f5c879e99204b6a606a106948117c4f483de0172879",
        "size_in_bytes": 4019
      },
      {
        "_path": "lib/libcudnn.so",
        "path_type": "softlink",
        "sha256": "b6cc2a090ff511cb710055cc94037b6e912b53771a809901a7e0af99c6dca4af",
        "size_in_bytes": 163057
      },
      {
        "_path": "lib/libcudnn.so.8",
        "path_type": "softlink",
        "sha256": "b6cc2a090ff511cb710055cc94037b6e912b53771a809901a7e0af99c6dca4af",
        "size_in_bytes": 163057
      },
      {
        "_path": "lib/libcudnn.so.8.9.2",
        "path_type": "hardlink",
        "sha256": "b6cc2a090ff511cb710055cc94037b6e912b53771a809901a7e0af99c6dca4af",
        "sha256_in_prefix": "b6cc2a090ff511cb710055cc94037b6e912b53771a809901a7e0af99c6dca4af",
        "size_in_bytes": 163057
      },
      {
        "_path": "lib/libcudnn_adv_infer.so",
        "path_type": "softlink",
        "sha256": "ab2fef3d1e9abf06bc3eef00d43a42f35b4d705a821202a321e1f57e92f839a1",
        "size_in_bytes": 125700105
      },
      {
        "_path": "lib/libcudnn_adv_infer.so.8",
        "path_type": "softlink",
        "sha256": "ab2fef3d1e9abf06bc3eef00d43a42f35b4d705a821202a321e1f57e92f839a1",
        "size_in_bytes": 125700105
      },
      {
        "_path": "lib/libcudnn_adv_infer.so.8.9.2",
        "path_type": "hardlink",
        "sha256": "ab2fef3d1e9abf06bc3eef00d43a42f35b4d705a821202a321e1f57e92f839a1",
        "sha256_in_prefix": "ab2fef3d1e9abf06bc3eef00d43a42f35b4d705a821202a321e1f57e92f839a1",
        "size_in_bytes": 125700105
      },
      {
        "_path": "lib/libcudnn_adv_train.so",
        "path_type": "softlink",
        "sha256": "c952c83932bbfffeae026134dbb46214b94fdb58b9faef985d4af291c63971c1",
        "size_in_bytes": 115925577
      },
      {
        "_path": "lib/libcudnn_adv_train.so.8",
        "path_type": "softlink",
        "sha256": "c952c83932bbfffeae026134dbb46214b94fdb58b9faef985d4af291c63971c1",
        "size_in_bytes": 115925577
      },
      {
        "_path": "lib/libcudnn_adv_train.so.8.9.2",
        "path_type": "hardlink",
        "sha256": "c952c83932bbfffeae026134dbb46214b94fdb58b9faef985d4af291c63971c1",
        "sha256_in_prefix": "c952c83932bbfffeae026134dbb46214b94fdb58b9faef985d4af291c63971c1",
        "size_in_bytes": 115925577
      },
      {
        "_path": "lib/libcudnn_cnn_infer.so",
        "path_type": "softlink",
        "sha256": "373ad4c79028481757440629f1ca371046e2653061c15d0404b18a45c9cc2101",
        "size_in_bytes": 632246521
      },
      {
        "_path": "lib/libcudnn_cnn_infer.so.8",
        "path_type": "softlink",
        "sha256": "373ad4c79028481757440629f1ca371046e2653061c15d0404b18a45c9cc2101",
        "size_in_bytes": 632246521
      },
      {
        "_path": "lib/libcudnn_cnn_infer.so.8.9.2",
        "path_type": "hardlink",
        "sha256": "373ad4c79028481757440629f1ca371046e2653061c15d0404b18a45c9cc2101",
        "sha256_in_prefix": "373ad4c79028481757440629f1ca371046e2653061c15d0404b18a45c9cc2101",
        "size_in_bytes": 632246521
      },
      {
        "_path": "lib/libcudnn_cnn_train.so",
        "path_type": "softlink",
        "sha256": "b5f8b912678889de039ac1a98dfa0612f79141356d7d06c6c0df59b9a02c0ca6",
        "size_in_bytes": 133379825
      },
      {
        "_path": "lib/libcudnn_cnn_train.so.8",
        "path_type": "softlink",
        "sha256": "b5f8b912678889de039ac1a98dfa0612f79141356d7d06c6c0df59b9a02c0ca6",
        "size_in_bytes": 133379825
      },
      {
        "_path": "lib/libcudnn_cnn_train.so.8.9.2",
        "path_type": "hardlink",
        "sha256": "b5f8b912678889de039ac1a98dfa0612f79141356d7d06c6c0df59b9a02c0ca6",
        "sha256_in_prefix": "b5f8b912678889de039ac1a98dfa0612f79141356d7d06c6c0df59b9a02c0ca6",
        "size_in_bytes": 133379825
      },
      {
        "_path": "lib/libcudnn_ops_infer.so",
        "path_type": "softlink",
        "sha256": "7883829e3074a357c157d023277fbcba10b5a0557566fb7318449f4af134d6c7",
        "size_in_bytes": 90838473
      },
      {
        "_path": "lib/libcudnn_ops_infer.so.8",
        "path_type": "softlink",
        "sha256": "7883829e3074a357c157d023277fbcba10b5a0557566fb7318449f4af134d6c7",
        "size_in_bytes": 90838473
      },
      {
        "_path": "lib/libcudnn_ops_infer.so.8.9.2",
        "path_type": "hardlink",
        "sha256": "7883829e3074a357c157d023277fbcba10b5a0557566fb7318449f4af134d6c7",
        "sha256_in_prefix": "7883829e3074a357c157d023277fbcba10b5a0557566fb7318449f4af134d6c7",
        "size_in_bytes": 90838473
      },
      {
        "_path": "lib/libcudnn_ops_train.so",
        "path_type": "softlink",
        "sha256": "f43001a574a8f58b7934cf49436c0e53ea4f5bdbcfa7e9627aa9fe235a631a3e",
        "size_in_bytes": 71140761
      },
      {
        "_path": "lib/libcudnn_ops_train.so.8",
        "path_type": "softlink",
        "sha256": "f43001a574a8f58b7934cf49436c0e53ea4f5bdbcfa7e9627aa9fe235a631a3e",
        "size_in_bytes": 71140761
      },
      {
        "_path": "lib/libcudnn_ops_train.so.8.9.2",
        "path_type": "hardlink",
        "sha256": "f43001a574a8f58b7934cf49436c0e53ea4f5bdbcfa7e9627aa9fe235a631a3e",
        "sha256_in_prefix": "f43001a574a8f58b7934cf49436c0e53ea4f5bdbcfa7e9627aa9fe235a631a3e",
        "size_in_bytes": 71140761
      }
    ],
    "paths_version": 1
  },
  "requested_spec": "cudnn",
  "sha256": "2ffa1e3cf547b83eb245e8092f451b40b6f2534b89236047afdbbbe5f98bb22f",
  "size": 492222205,
  "subdir": "linux-64",
  "timestamp": 1688473852986,
  "track_features": "",
  "url": "https://mirrors.ustc.edu.cn/anaconda/pkgs/main/linux-64/cudnn-8.9.2.26-cuda11_0.conda",
  "version": "8.9.2.26"
}