{
  "build": "py38h06a4308_0",
  "build_number": 0,
  "channel": "https://mirrors.ustc.edu.cn/anaconda/pkgs/main/linux-64",
  "constrains": [],
  "depends": [
    "python >=3.8,<3.9.0a0",
    "zipp >=0.5"
  ],
  "extracted_package_dir": "/root/miniconda3/pkgs/importlib-metadata-6.0.0-py38h06a4308_0",
  "features": "",
  "files": [
    "lib/python3.8/site-packages/importlib_metadata-6.0.0.dist-info/INSTALLER",
    "lib/python3.8/site-packages/importlib_metadata-6.0.0.dist-info/LICENSE",
    "lib/python3.8/site-packages/importlib_metadata-6.0.0.dist-info/METADATA",
    "lib/python3.8/site-packages/importlib_metadata-6.0.0.dist-info/RECORD",
    "lib/python3.8/site-packages/importlib_metadata-6.0.0.dist-info/REQUESTED",
    "lib/python3.8/site-packages/importlib_metadata-6.0.0.dist-info/WHEEL",
    "lib/python3.8/site-packages/importlib_metadata-6.0.0.dist-info/direct_url.json",
    "lib/python3.8/site-packages/importlib_metadata-6.0.0.dist-info/top_level.txt",
    "lib/python3.8/site-packages/importlib_metadata/__init__.py",
    "lib/python3.8/site-packages/importlib_metadata/__pycache__/__init__.cpython-38.pyc",
    "lib/python3.8/site-packages/importlib_metadata/__pycache__/_adapters.cpython-38.pyc",
    "lib/python3.8/site-packages/importlib_metadata/__pycache__/_collections.cpython-38.pyc",
    "lib/python3.8/site-packages/importlib_metadata/__pycache__/_compat.cpython-38.pyc",
    "lib/python3.8/site-packages/importlib_metadata/__pycache__/_functools.cpython-38.pyc",
    "lib/python3.8/site-packages/importlib_metadata/__pycache__/_itertools.cpython-38.pyc",
    "lib/python3.8/site-packages/importlib_metadata/__pycache__/_meta.cpython-38.pyc",
    "lib/python3.8/site-packages/importlib_metadata/__pycache__/_py39compat.cpython-38.pyc",
    "lib/python3.8/site-packages/importlib_metadata/__pycache__/_text.cpython-38.pyc",
    "lib/python3.8/site-packages/importlib_metadata/_adapters.py",
    "lib/python3.8/site-packages/importlib_metadata/_collections.py",
    "lib/python3.8/site-packages/importlib_metadata/_compat.py",
    "lib/python3.8/site-packages/importlib_metadata/_functools.py",
    "lib/python3.8/site-packages/importlib_metadata/_itertools.py",
    "lib/python3.8/site-packages/importlib_metadata/_meta.py",
    "lib/python3.8/site-packages/importlib_metadata/_py39compat.py",
    "lib/python3.8/site-packages/importlib_metadata/_text.py",
    "lib/python3.8/site-packages/importlib_metadata/py.typed"
  ],
  "fn": "importlib-metadata-6.0.0-py38h06a4308_0.conda",
  "legacy_bz2_md5": "6284754d30be21d201fa708661a40ee5",
  "license": "Apache-2.0",
  "license_family": "APACHE",
  "link": {
    "source": "/root/miniconda3/pkgs/importlib-metadata-6.0.0-py38h06a4308_0",
    "type": 1
  },
  "md5": "04271710dda9ec4a9d99937b1b8a5511",
  "name": "importlib-metadata",
  "package_tarball_full_path": "/root/miniconda3/pkgs/importlib-metadata-6.0.0-py38h06a4308_0.conda",
  "paths_data": {
    "paths": [
      {
        "_path": "lib/python3.8/site-packages/importlib_metadata-6.0.0.dist-info/INSTALLER",
        "path_type": "hardlink",
        "sha256": "d0edee15f91b406f3f99726e44eb990be6e34fd0345b52b910c568e0eef6a2a8",
        "sha256_in_prefix": "d0edee15f91b406f3f99726e44eb990be6e34fd0345b52b910c568e0eef6a2a8",
        "size_in_bytes": 5
      },
      {
        "_path": "lib/python3.8/site-packages/importlib_metadata-6.0.0.dist-info/LICENSE",
        "path_type": "hardlink",
        "sha256": "cfc7749b96f63bd31c3c42b5c471bf756814053e847c10f3eb003417bc523d30",
        "sha256_in_prefix": "cfc7749b96f63bd31c3c42b5c471bf756814053e847c10f3eb003417bc523d30",
        "size_in_bytes": 11358
      },
      {
        "_path": "lib/python3.8/site-packages/importlib_metadata-6.0.0.dist-info/METADATA",
        "path_type": "hardlink",
        "sha256": "b59204c7d1dd1170f7e125ae8ad90d5da601a929f236e931da5e05290033f616",
        "sha256_in_prefix": "b59204c7d1dd1170f7e125ae8ad90d5da601a929f236e931da5e05290033f616",
        "size_in_bytes": 4958
      },
      {
        "_path": "lib/python3.8/site-packages/importlib_metadata-6.0.0.dist-info/RECORD",
        "path_type": "hardlink",
        "sha256": "ae552ac9fc70846a0c8ac3e7dad8262faf6bcfb1b33b5b5fb433d575e50889b3",
        "sha256_in_prefix": "ae552ac9fc70846a0c8ac3e7dad8262faf6bcfb1b33b5b5fb433d575e50889b3",
        "size_in_bytes": 2157
      },
      {
        "_path": "lib/python3.8/site-packages/importlib_metadata-6.0.0.dist-info/REQUESTED",
        "path_type": "hardlink",
        "sha256": "e3b0c44298fc1c149afbf4c8996fb92427ae41e4649b934ca495991b7852b855",
        "sha256_in_prefix": "e3b0c44298fc1c149afbf4c8996fb92427ae41e4649b934ca495991b7852b855",
        "size_in_bytes": 0
      },
      {
        "_path": "lib/python3.8/site-packages/importlib_metadata-6.0.0.dist-info/WHEEL",
        "path_type": "hardlink",
        "sha256": "a6472d658cd44b8018567e9d27eef7ebb389662bc5d9ef1103d6ff6418e27f5f",
        "sha256_in_prefix": "a6472d658cd44b8018567e9d27eef7ebb389662bc5d9ef1103d6ff6418e27f5f",
        "size_in_bytes": 92
      },
      {
        "_path": "lib/python3.8/site-packages/importlib_metadata-6.0.0.dist-info/direct_url.json",
        "path_type": "hardlink",
        "sha256": "bb746bfeee26e9368b6af9f47c5ad5fd0fcf7ca059b8aeeb7d179b86964583df",
        "sha256_in_prefix": "bb746bfeee26e9368b6af9f47c5ad5fd0fcf7ca059b8aeeb7d179b86964583df",
        "size_in_bytes": 78
      },
      {
        "_path": "lib/python3.8/site-packages/importlib_metadata-6.0.0.dist-info/top_level.txt",
        "path_type": "hardlink",
        "sha256": "08eddf0fdcb29403625e4acca38a872d5fe6a972f6b02e4914a82dd725804fe0",
        "sha256_in_prefix": "08eddf0fdcb29403625e4acca38a872d5fe6a972f6b02e4914a82dd725804fe0",
        "size_in_bytes": 19
      },
      {
        "_path": "lib/python3.8/site-packages/importlib_metadata/__init__.py",
        "path_type": "hardlink",
        "sha256": "c22309c4d5d784fb51447497d8df6018b9d387462cce6135ae7dee29846b35cb",
        "sha256_in_prefix": "c22309c4d5d784fb51447497d8df6018b9d387462cce6135ae7dee29846b35cb",
        "size_in_bytes": 26490
      },
      {
        "_path": "lib/python3.8/site-packages/importlib_metadata/__pycache__/__init__.cpython-38.pyc",
        "path_type": "hardlink",
        "sha256": "d7792780fc2a5a91964a58dcbd78eccb26ea1f6aa7cbac538a456e03a2399aff",
        "sha256_in_prefix": "d7792780fc2a5a91964a58dcbd78eccb26ea1f6aa7cbac538a456e03a2399aff",
        "size_in_bytes": 32608
      },
      {
        "_path": "lib/python3.8/site-packages/importlib_metadata/__pycache__/_adapters.cpython-38.pyc",
        "path_type": "hardlink",
        "sha256": "db19686ece57e7a0a2c3b88a2e1fa4252622e631334c6ba8365b0905daa8b2e3",
        "sha256_in_prefix": "db19686ece57e7a0a2c3b88a2e1fa4252622e631334c6ba8365b0905daa8b2e3",
        "size_in_bytes": 2959
      },
      {
        "_path": "lib/python3.8/site-packages/importlib_metadata/__pycache__/_collections.cpython-38.pyc",
        "path_type": "hardlink",
        "sha256": "ec8eec68f73ef009524ff0361d033736a5013f8552c6df1c87e310df0c15c381",
        "sha256_in_prefix": "ec8eec68f73ef009524ff0361d033736a5013f8552c6df1c87e310df0c15c381",
        "size_in_bytes": 1519
      },
      {
        "_path": "lib/python3.8/site-packages/importlib_metadata/__pycache__/_compat.cpython-38.pyc",
        "path_type": "hardlink",
        "sha256": "ac839f1a9d24c783c40becc306b1407de097c7992a449350318b2cd88d3fb4f3",
        "sha256_in_prefix": "ac839f1a9d24c783c40becc306b1407de097c7992a449350318b2cd88d3fb4f3",
        "size_in_bytes": 1999
      },
      {
        "_path": "lib/python3.8/site-packages/importlib_metadata/__pycache__/_functools.cpython-38.pyc",
        "path_type": "hardlink",
        "sha256": "66a0b8a806f0f607b7f2d62d93e9885a044530c1f37a937df8ebdabc755e95de",
        "sha256_in_prefix": "66a0b8a806f0f607b7f2d62d93e9885a044530c1f37a937df8ebdabc755e95de",
        "size_in_bytes": 3099
      },
      {
        "_path": "lib/python3.8/site-packages/importlib_metadata/__pycache__/_itertools.cpython-38.pyc",
        "path_type": "hardlink",
        "sha256": "a3dfe5ba09b38ca11783150757d7b49708d8b29e6b2281243bf080c93af946da",
        "sha256_in_prefix": "a3dfe5ba09b38ca11783150757d7b49708d8b29e6b2281243bf080c93af946da",
        "size_in_bytes": 1988
      },
      {
        "_path": "lib/python3.8/site-packages/importlib_metadata/__pycache__/_meta.cpython-38.pyc",
        "path_type": "hardlink",
        "sha256": "1f3f1dc1c9901ab8060d31a178e5185cd3d7d7051d479461c45b4283506980cd",
        "sha256_in_prefix": "1f3f1dc1c9901ab8060d31a178e5185cd3d7d7051d479461c45b4283506980cd",
        "size_in_bytes": 2419
      },
      {
        "_path": "lib/python3.8/site-packages/importlib_metadata/__pycache__/_py39compat.cpython-38.pyc",
        "path_type": "hardlink",
        "sha256": "76c519c6f222d6f6819d001e494df66ccf7d1a374ac29d4fae3fa700019f5826",
        "sha256_in_prefix": "76c519c6f222d6f6819d001e494df66ccf7d1a374ac29d4fae3fa700019f5826",
        "size_in_bytes": 1151
      },
      {
        "_path": "lib/python3.8/site-packages/importlib_metadata/__pycache__/_text.cpython-38.pyc",
        "path_type": "hardlink",
        "sha256": "83e042eb51a6981a7ce105074ff059ff56d109ccc65532f82650ffea062a87f9",
        "sha256_in_prefix": "83e042eb51a6981a7ce105074ff059ff56d109ccc65532f82650ffea062a87f9",
        "size_in_bytes": 3052
      },
      {
        "_path": "lib/python3.8/site-packages/importlib_metadata/_adapters.py",
        "path_type": "hardlink",
        "sha256": "8bc4ba21bd4e4237082c0fa5e2093392d3197b5f1369e50d238f4f2d1a7a3815",
        "sha256_in_prefix": "8bc4ba21bd4e4237082c0fa5e2093392d3197b5f1369e50d238f4f2d1a7a3815",
        "size_in_bytes": 2454
      },
      {
        "_path": "lib/python3.8/site-packages/importlib_metadata/_collections.py",
        "path_type": "hardlink",
        "sha256": "089d0e4c21c88d6034648552e2fa0e440b27d91e11d9c40112d3ec6442690126",
        "sha256_in_prefix": "089d0e4c21c88d6034648552e2fa0e440b27d91e11d9c40112d3ec6442690126",
        "size_in_bytes": 743
      },
      {
        "_path": "lib/python3.8/site-packages/importlib_metadata/_compat.py",
        "path_type": "hardlink",
        "sha256": "f7338a7f478382408c9e7684854e64415c477753fc048615ed2b6ca3b6afe61f",
        "sha256_in_prefix": "f7338a7f478382408c9e7684854e64415c477753fc048615ed2b6ca3b6afe61f",
        "size_in_bytes": 1857
      },
      {
        "_path": "lib/python3.8/site-packages/importlib_metadata/_functools.py",
        "path_type": "hardlink",
        "sha256": "3ec636fb8aeb297e1155e442d681a9d65075a660bd78a37cf3f7fe6c3f6e3a80",
        "sha256_in_prefix": "3ec636fb8aeb297e1155e442d681a9d65075a660bd78a37cf3f7fe6c3f6e3a80",
        "size_in_bytes": 2895
      },
      {
        "_path": "lib/python3.8/site-packages/importlib_metadata/_itertools.py",
        "path_type": "hardlink",
        "sha256": "72faffdaff0145bc5c225e71e6575fa9d1e3848f188bcb3cca4e741bf9e6ea34",
        "sha256_in_prefix": "72faffdaff0145bc5c225e71e6575fa9d1e3848f188bcb3cca4e741bf9e6ea34",
        "size_in_bytes": 2068
      },
      {
        "_path": "lib/python3.8/site-packages/importlib_metadata/_meta.py",
        "path_type": "hardlink",
        "sha256": "bf97b56431bbc994c7de1ed38db4b96cce69f001b330f54ebbcb240ccbf887a9",
        "sha256_in_prefix": "bf97b56431bbc994c7de1ed38db4b96cce69f001b330f54ebbcb240ccbf887a9",
        "size_in_bytes": 1165
      },
      {
        "_path": "lib/python3.8/site-packages/importlib_metadata/_py39compat.py",
        "path_type": "hardlink",
        "sha256": "d93939b706ff5602c263ed4d100423759a7f4bd385302fa95333f68acb9a3ec4",
        "sha256_in_prefix": "d93939b706ff5602c263ed4d100423759a7f4bd385302fa95333f68acb9a3ec4",
        "size_in_bytes": 1098
      },
      {
        "_path": "lib/python3.8/site-packages/importlib_metadata/_text.py",
        "path_type": "hardlink",
        "sha256": "1c2b0592c66924b7933f734493f9e0ac079755146d4ebb7287d78e001a113f80",
        "sha256_in_prefix": "1c2b0592c66924b7933f734493f9e0ac079755146d4ebb7287d78e001a113f80",
        "size_in_bytes": 2166
      },
      {
        "_path": "lib/python3.8/site-packages/importlib_metadata/py.typed",
        "path_type": "hardlink",
        "sha256": "e3b0c44298fc1c149afbf4c8996fb92427ae41e4649b934ca495991b7852b855",
        "sha256_in_prefix": "e3b0c44298fc1c149afbf4c8996fb92427ae41e4649b934ca495991b7852b855",
        "size_in_bytes": 0
      }
    ],
    "paths_version": 1
  },
  "requested_spec": "None",
  "sha256": "d6c91690e06832f1fad5599a3b0992f1581e225a43e0ff1ef0602de8df16c9bb",
  "size": 39207,
  "subdir": "linux-64",
  "timestamp": 1678997179162,
  "track_features": "",
  "url": "https://mirrors.ustc.edu.cn/anaconda/pkgs/main/linux-64/importlib-metadata-6.0.0-py38h06a4308_0.conda",
  "version": "6.0.0"
}