{
  "build": "py38h06a4308_0",
  "build_number": 0,
  "channel": "https://mirrors.ustc.edu.cn/anaconda/pkgs/main/linux-64",
  "constrains": [],
  "depends": [
    "python >=3.8,<3.9.0a0",
    "traitlets"
  ],
  "extracted_package_dir": "/root/miniconda3/pkgs/matplotlib-inline-0.1.6-py38h06a4308_0",
  "features": "",
  "files": [
    "lib/python3.8/site-packages/matplotlib_inline-0.1.6.dist-info/INSTALLER",
    "lib/python3.8/site-packages/matplotlib_inline-0.1.6.dist-info/LICENSE",
    "lib/python3.8/site-packages/matplotlib_inline-0.1.6.dist-info/METADATA",
    "lib/python3.8/site-packages/matplotlib_inline-0.1.6.dist-info/RECORD",
    "lib/python3.8/site-packages/matplotlib_inline-0.1.6.dist-info/REQUESTED",
    "lib/python3.8/site-packages/matplotlib_inline-0.1.6.dist-info/WHEEL",
    "lib/python3.8/site-packages/matplotlib_inline-0.1.6.dist-info/direct_url.json",
    "lib/python3.8/site-packages/matplotlib_inline-0.1.6.dist-info/top_level.txt",
    "lib/python3.8/site-packages/matplotlib_inline/__init__.py",
    "lib/python3.8/site-packages/matplotlib_inline/__pycache__/__init__.cpython-38.pyc",
    "lib/python3.8/site-packages/matplotlib_inline/__pycache__/backend_inline.cpython-38.pyc",
    "lib/python3.8/site-packages/matplotlib_inline/__pycache__/config.cpython-38.pyc",
    "lib/python3.8/site-packages/matplotlib_inline/backend_inline.py",
    "lib/python3.8/site-packages/matplotlib_inline/config.py"
  ],
  "fn": "matplotlib-inline-0.1.6-py38h06a4308_0.conda",
  "legacy_bz2_md5": "28c78d14ef2a80747df2bf2353ef21d7",
  "license": "BSD-3-Clause",
  "license_family": "BSD",
  "link": {
    "source": "/root/miniconda3/pkgs/matplotlib-inline-0.1.6-py38h06a4308_0",
    "type": 1
  },
  "md5": "aef017846ab77726eb2a77931b0b4059",
  "name": "matplotlib-inline",
  "package_tarball_full_path": "/root/miniconda3/pkgs/matplotlib-inline-0.1.6-py38h06a4308_0.conda",
  "paths_data": {
    "paths": [
      {
        "_path": "lib/python3.8/site-packages/matplotlib_inline-0.1.6.dist-info/INSTALLER",
        "path_type": "hardlink",
        "sha256": "d0edee15f91b406f3f99726e44eb990be6e34fd0345b52b910c568e0eef6a2a8",
        "sha256_in_prefix": "d0edee15f91b406f3f99726e44eb990be6e34fd0345b52b910c568e0eef6a2a8",
        "size_in_bytes": 5
      },
      {
        "_path": "lib/python3.8/site-packages/matplotlib_inline-0.1.6.dist-info/LICENSE",
        "path_type": "hardlink",
        "sha256": "8521b036c6448e0e0aa7213d4713b6fdee0f4c64c9f320450f77346bf5c0e8e4",
        "sha256_in_prefix": "8521b036c6448e0e0aa7213d4713b6fdee0f4c64c9f320450f77346bf5c0e8e4",
        "size_in_bytes": 1538
      },
      {
        "_path": "lib/python3.8/site-packages/matplotlib_inline-0.1.6.dist-info/METADATA",
        "path_type": "hardlink",
        "sha256": "88fe9849c9a2b3a60d6626ebc27ddfbd536d2a9d24e991e93026e97c4bdd18a9",
        "sha256_in_prefix": "88fe9849c9a2b3a60d6626ebc27ddfbd536d2a9d24e991e93026e97c4bdd18a9",
        "size_in_bytes": 2841
      },
      {
        "_path": "lib/python3.8/site-packages/matplotlib_inline-0.1.6.dist-info/RECORD",
        "path_type": "hardlink",
        "sha256": "7c3cc949d26606442a74c503c2aa80894a8486c5cacac8ba0c7a00fd5087e329",
        "sha256_in_prefix": "7c3cc949d26606442a74c503c2aa80894a8486c5cacac8ba0c7a00fd5087e329",
        "size_in_bytes": 1181
      },
      {
        "_path": "lib/python3.8/site-packages/matplotlib_inline-0.1.6.dist-info/REQUESTED",
        "path_type": "hardlink",
        "sha256": "e3b0c44298fc1c149afbf4c8996fb92427ae41e4649b934ca495991b7852b855",
        "sha256_in_prefix": "e3b0c44298fc1c149afbf4c8996fb92427ae41e4649b934ca495991b7852b855",
        "size_in_bytes": 0
      },
      {
        "_path": "lib/python3.8/site-packages/matplotlib_inline-0.1.6.dist-info/WHEEL",
        "path_type": "hardlink",
        "sha256": "1b5e87e00dc87a84269cead8578b9e6462928e18a95f1f3373c9eef451a5bcc0",
        "sha256_in_prefix": "1b5e87e00dc87a84269cead8578b9e6462928e18a95f1f3373c9eef451a5bcc0",
        "size_in_bytes": 92
      },
      {
        "_path": "lib/python3.8/site-packages/matplotlib_inline-0.1.6.dist-info/direct_url.json",
        "path_type": "hardlink",
        "sha256": "16e9d89d15f0ec4e3b8548a983cd1db1d8bf2fd40c8cad0fdc8b7ee0b61289d6",
        "sha256_in_prefix": "16e9d89d15f0ec4e3b8548a983cd1db1d8bf2fd40c8cad0fdc8b7ee0b61289d6",
        "size_in_bytes": 91
      },
      {
        "_path": "lib/python3.8/site-packages/matplotlib_inline-0.1.6.dist-info/top_level.txt",
        "path_type": "hardlink",
        "sha256": "d15889a91b4964b212ec87e31eb520608e9122f598d1c7e4d4e8c0969e3466cc",
        "sha256_in_prefix": "d15889a91b4964b212ec87e31eb520608e9122f598d1c7e4d4e8c0969e3466cc",
        "size_in_bytes": 18
      },
      {
        "_path": "lib/python3.8/site-packages/matplotlib_inline/__init__.py",
        "path_type": "hardlink",
        "sha256": "89b2bbe6d00c87f86bd664ee29acfada8062560d5aceb393fe77254cee51ef79",
        "sha256_in_prefix": "89b2bbe6d00c87f86bd664ee29acfada8062560d5aceb393fe77254cee51ef79",
        "size_in_bytes": 75
      },
      {
        "_path": "lib/python3.8/site-packages/matplotlib_inline/__pycache__/__init__.cpython-38.pyc",
        "path_type": "hardlink",
        "sha256": "f75aac33f80cd3233df5e8a5a5f356297d8d4f6e20c86c20883d29efe976e23e",
        "sha256_in_prefix": "f75aac33f80cd3233df5e8a5a5f356297d8d4f6e20c86c20883d29efe976e23e",
        "size_in_bytes": 230
      },
      {
        "_path": "lib/python3.8/site-packages/matplotlib_inline/__pycache__/backend_inline.cpython-38.pyc",
        "path_type": "hardlink",
        "sha256": "24ca0d675479424321c14f2c588ae662f13bbcf23fa039666804f0e069a5e60a",
        "sha256_in_prefix": "24ca0d675479424321c14f2c588ae662f13bbcf23fa039666804f0e069a5e60a",
        "size_in_bytes": 8533
      },
      {
        "_path": "lib/python3.8/site-packages/matplotlib_inline/__pycache__/config.cpython-38.pyc",
        "path_type": "hardlink",
        "sha256": "485862f5e0184fc6df9b2012cb2b015dc6321d7fa2544f0a3337ff4739b056a8",
        "sha256_in_prefix": "485862f5e0184fc6df9b2012cb2b015dc6321d7fa2544f0a3337ff4739b056a8",
        "size_in_bytes": 3845
      },
      {
        "_path": "lib/python3.8/site-packages/matplotlib_inline/backend_inline.py",
        "path_type": "hardlink",
        "sha256": "6b8c3c7260473925303091ef2c950eb3aa5252538712cc7437c1c61007f1b315",
        "sha256_in_prefix": "6b8c3c7260473925303091ef2c950eb3aa5252538712cc7437c1c61007f1b315",
        "size_in_bytes": 11311
      },
      {
        "_path": "lib/python3.8/site-packages/matplotlib_inline/config.py",
        "path_type": "hardlink",
        "sha256": "67cece0aff8b4ad6213b04362e61c3371c24027f412c52936c723b5d2013d497",
        "sha256_in_prefix": "67cece0aff8b4ad6213b04362e61c3371c24027f412c52936c723b5d2013d497",
        "size_in_bytes": 3911
      }
    ],
    "paths_version": 1
  },
  "requested_spec": "None",
  "sha256": "93fd81bc70a99bc9f08d1775099687c935f8d1a8a1dabf7841f2f21537c66854",
  "size": 15971,
  "subdir": "linux-64",
  "timestamp": 1662014640999,
  "track_features": "",
  "url": "https://mirrors.ustc.edu.cn/anaconda/pkgs/main/linux-64/matplotlib-inline-0.1.6-py38h06a4308_0.conda",
  "version": "0.1.6"
}