{
  "build": "py38h06a4308_0",
  "build_number": 0,
  "channel": "https://mirrors.ustc.edu.cn/anaconda/pkgs/main/linux-64",
  "constrains": [],
  "depends": [
    "python >=3.8,<3.9.0a0"
  ],
  "extracted_package_dir": "/root/miniconda3/pkgs/nest-asyncio-1.5.6-py38h06a4308_0",
  "features": "",
  "files": [
    "lib/python3.8/site-packages/__pycache__/nest_asyncio.cpython-38.pyc",
    "lib/python3.8/site-packages/nest_asyncio-1.5.6.dist-info/INSTALLER",
    "lib/python3.8/site-packages/nest_asyncio-1.5.6.dist-info/LICENSE",
    "lib/python3.8/site-packages/nest_asyncio-1.5.6.dist-info/METADATA",
    "lib/python3.8/site-packages/nest_asyncio-1.5.6.dist-info/RECORD",
    "lib/python3.8/site-packages/nest_asyncio-1.5.6.dist-info/REQUESTED",
    "lib/python3.8/site-packages/nest_asyncio-1.5.6.dist-info/WHEEL",
    "lib/python3.8/site-packages/nest_asyncio-1.5.6.dist-info/direct_url.json",
    "lib/python3.8/site-packages/nest_asyncio-1.5.6.dist-info/top_level.txt",
    "lib/python3.8/site-packages/nest_asyncio.py"
  ],
  "fn": "nest-asyncio-1.5.6-py38h06a4308_0.conda",
  "legacy_bz2_md5": "839bb853e143fac8faccabe9c90ff79e",
  "license": "BSD-2-Clause",
  "license_family": "BSD",
  "link": {
    "source": "/root/miniconda3/pkgs/nest-asyncio-1.5.6-py38h06a4308_0",
    "type": 1
  },
  "md5": "a2045f4ce9cf4d0011e8bcf9c6d4a6e3",
  "name": "nest-asyncio",
  "package_tarball_full_path": "/root/miniconda3/pkgs/nest-asyncio-1.5.6-py38h06a4308_0.conda",
  "paths_data": {
    "paths": [
      {
        "_path": "lib/python3.8/site-packages/__pycache__/nest_asyncio.cpython-38.pyc",
        "path_type": "hardlink",
        "sha256": "798897258cc9e8b4ddaac6089124e9a42a7e4a8194f919bf5e9a1857a035dc2b",
        "sha256_in_prefix": "798897258cc9e8b4ddaac6089124e9a42a7e4a8194f919bf5e9a1857a035dc2b",
        "size_in_bytes": 6511
      },
      {
        "_path": "lib/python3.8/site-packages/nest_asyncio-1.5.6.dist-info/INSTALLER",
        "path_type": "hardlink",
        "sha256": "d0edee15f91b406f3f99726e44eb990be6e34fd0345b52b910c568e0eef6a2a8",
        "sha256_in_prefix": "d0edee15f91b406f3f99726e44eb990be6e34fd0345b52b910c568e0eef6a2a8",
        "size_in_bytes": 5
      },
      {
        "_path": "lib/python3.8/site-packages/nest_asyncio-1.5.6.dist-info/LICENSE",
        "path_type": "hardlink",
        "sha256": "bece9f68655ff23b77413246c0650386b87da7c3682303dd0ee8e3ea7630e85b",
        "sha256_in_prefix": "bece9f68655ff23b77413246c0650386b87da7c3682303dd0ee8e3ea7630e85b",
        "size_in_bytes": 1322
      },
      {
        "_path": "lib/python3.8/site-packages/nest_asyncio-1.5.6.dist-info/METADATA",
        "path_type": "hardlink",
        "sha256": "4aa9b98bdbf62cec809e311cbf2e8e3f1e6b36b7abbbcf588e457862bcd618e2",
        "sha256_in_prefix": "4aa9b98bdbf62cec809e311cbf2e8e3f1e6b36b7abbbcf588e457862bcd618e2",
        "size_in_bytes": 2730
      },
      {
        "_path": "lib/python3.8/site-packages/nest_asyncio-1.5.6.dist-info/RECORD",
        "path_type": "hardlink",
        "sha256": "da31c34d4f9d111b9d644a484a31bdaf5c75ff8d3b3a1af58311e4b034ace8f9",
        "sha256_in_prefix": "da31c34d4f9d111b9d644a484a31bdaf5c75ff8d3b3a1af58311e4b034ace8f9",
        "size_in_bytes": 818
      },
      {
        "_path": "lib/python3.8/site-packages/nest_asyncio-1.5.6.dist-info/REQUESTED",
        "path_type": "hardlink",
        "sha256": "e3b0c44298fc1c149afbf4c8996fb92427ae41e4649b934ca495991b7852b855",
        "sha256_in_prefix": "e3b0c44298fc1c149afbf4c8996fb92427ae41e4649b934ca495991b7852b855",
        "size_in_bytes": 0
      },
      {
        "_path": "lib/python3.8/site-packages/nest_asyncio-1.5.6.dist-info/WHEEL",
        "path_type": "hardlink",
        "sha256": "1b5e87e00dc87a84269cead8578b9e6462928e18a95f1f3373c9eef451a5bcc0",
        "sha256_in_prefix": "1b5e87e00dc87a84269cead8578b9e6462928e18a95f1f3373c9eef451a5bcc0",
        "size_in_bytes": 92
      },
      {
        "_path": "lib/python3.8/site-packages/nest_asyncio-1.5.6.dist-info/direct_url.json",
        "path_type": "hardlink",
        "sha256": "3bb776c00fb655a9680714427c47415fbb06241403b4707cca1280a426e5823c",
        "sha256_in_prefix": "3bb776c00fb655a9680714427c47415fbb06241403b4707cca1280a426e5823c",
        "size_in_bytes": 72
      },
      {
        "_path": "lib/python3.8/site-packages/nest_asyncio-1.5.6.dist-info/top_level.txt",
        "path_type": "hardlink",
        "sha256": "71014133f7cf6c37615558a15b04bedbd5a25b5ecb677af89525f2bf0173373b",
        "sha256_in_prefix": "71014133f7cf6c37615558a15b04bedbd5a25b5ecb677af89525f2bf0173373b",
        "size_in_bytes": 13
      },
      {
        "_path": "lib/python3.8/site-packages/nest_asyncio.py",
        "path_type": "hardlink",
        "sha256": "f31ba13b62b41efb3b4e0b558197e83f3d83ec8067396b6daf8540f092386ec2",
        "sha256_in_prefix": "f31ba13b62b41efb3b4e0b558197e83f3d83ec8067396b6daf8540f092386ec2",
        "size_in_bytes": 7779
      }
    ],
    "paths_version": 1
  },
  "requested_spec": "None",
  "sha256": "45fba4fd2172fb580edbeb40dc69c618c62267c89f05f76fb40bafd7ed9d6a0e",
  "size": 14649,
  "subdir": "linux-64",
  "timestamp": 1672387169775,
  "track_features": "",
  "url": "https://mirrors.ustc.edu.cn/anaconda/pkgs/main/linux-64/nest-asyncio-1.5.6-py38h06a4308_0.conda",
  "version": "1.5.6"
}