{
  "build": "py38h06a4308_0",
  "build_number": 0,
  "channel": "https://mirrors.ustc.edu.cn/anaconda/pkgs/main/linux-64",
  "constrains": [],
  "depends": [
    "python >=3.8,<3.9.0a0"
  ],
  "extracted_package_dir": "/root/miniconda3/pkgs/packaging-23.1-py38h06a4308_0",
  "features": "",
  "files": [
    "lib/python3.8/site-packages/packaging-23.1.dist-info/INSTALLER",
    "lib/python3.8/site-packages/packaging-23.1.dist-info/LICENSE",
    "lib/python3.8/site-packages/packaging-23.1.dist-info/LICENSE.APACHE",
    "lib/python3.8/site-packages/packaging-23.1.dist-info/LICENSE.BSD",
    "lib/python3.8/site-packages/packaging-23.1.dist-info/METADATA",
    "lib/python3.8/site-packages/packaging-23.1.dist-info/RECORD",
    "lib/python3.8/site-packages/packaging-23.1.dist-info/REQUESTED",
    "lib/python3.8/site-packages/packaging-23.1.dist-info/WHEEL",
    "lib/python3.8/site-packages/packaging-23.1.dist-info/direct_url.json",
    "lib/python3.8/site-packages/packaging/__init__.py",
    "lib/python3.8/site-packages/packaging/__pycache__/__init__.cpython-38.pyc",
    "lib/python3.8/site-packages/packaging/__pycache__/_elffile.cpython-38.pyc",
    "lib/python3.8/site-packages/packaging/__pycache__/_manylinux.cpython-38.pyc",
    "lib/python3.8/site-packages/packaging/__pycache__/_musllinux.cpython-38.pyc",
    "lib/python3.8/site-packages/packaging/__pycache__/_parser.cpython-38.pyc",
    "lib/python3.8/site-packages/packaging/__pycache__/_structures.cpython-38.pyc",
    "lib/python3.8/site-packages/packaging/__pycache__/_tokenizer.cpython-38.pyc",
    "lib/python3.8/site-packages/packaging/__pycache__/markers.cpython-38.pyc",
    "lib/python3.8/site-packages/packaging/__pycache__/metadata.cpython-38.pyc",
    "lib/python3.8/site-packages/packaging/__pycache__/requirements.cpython-38.pyc",
    "lib/python3.8/site-packages/packaging/__pycache__/specifiers.cpython-38.pyc",
    "lib/python3.8/site-packages/packaging/__pycache__/tags.cpython-38.pyc",
    "lib/python3.8/site-packages/packaging/__pycache__/utils.cpython-38.pyc",
    "lib/python3.8/site-packages/packaging/__pycache__/version.cpython-38.pyc",
    "lib/python3.8/site-packages/packaging/_elffile.py",
    "lib/python3.8/site-packages/packaging/_manylinux.py",
    "lib/python3.8/site-packages/packaging/_musllinux.py",
    "lib/python3.8/site-packages/packaging/_parser.py",
    "lib/python3.8/site-packages/packaging/_structures.py",
    "lib/python3.8/site-packages/packaging/_tokenizer.py",
    "lib/python3.8/site-packages/packaging/markers.py",
    "lib/python3.8/site-packages/packaging/metadata.py",
    "lib/python3.8/site-packages/packaging/py.typed",
    "lib/python3.8/site-packages/packaging/requirements.py",
    "lib/python3.8/site-packages/packaging/specifiers.py",
    "lib/python3.8/site-packages/packaging/tags.py",
    "lib/python3.8/site-packages/packaging/utils.py",
    "lib/python3.8/site-packages/packaging/version.py"
  ],
  "fn": "packaging-23.1-py38h06a4308_0.conda",
  "legacy_bz2_md5": "14693d3ef7699c4a9030266bbcd718ad",
  "license": "Apache-2.0 or BSD-2-Clause",
  "license_family": "Apache",
  "link": {
    "source": "/root/miniconda3/pkgs/packaging-23.1-py38h06a4308_0",
    "type": 1
  },
  "md5": "9ec9b6ee22dad7f49806c51218befd5b",
  "name": "packaging",
  "package_tarball_full_path": "/root/miniconda3/pkgs/packaging-23.1-py38h06a4308_0.conda",
  "paths_data": {
    "paths": [
      {
        "_path": "lib/python3.8/site-packages/packaging-23.1.dist-info/INSTALLER",
        "path_type": "hardlink",
        "sha256": "d0edee15f91b406f3f99726e44eb990be6e34fd0345b52b910c568e0eef6a2a8",
        "sha256_in_prefix": "d0edee15f91b406f3f99726e44eb990be6e34fd0345b52b910c568e0eef6a2a8",
        "size_in_bytes": 5
      },
      {
        "_path": "lib/python3.8/site-packages/packaging-23.1.dist-info/LICENSE",
        "path_type": "hardlink",
        "sha256": "cad1ef5bd340d73e074ba614d26f7deaca5c7940c3d8c34852e65c4909686c48",
        "sha256_in_prefix": "cad1ef5bd340d73e074ba614d26f7deaca5c7940c3d8c34852e65c4909686c48",
        "size_in_bytes": 197
      },
      {
        "_path": "lib/python3.8/site-packages/packaging-23.1.dist-info/LICENSE.APACHE",
        "path_type": "hardlink",
        "sha256": "0d542e0c8804e39aa7f37eb00da5a762149dc682d7829451287e11b938e94594",
        "sha256_in_prefix": "0d542e0c8804e39aa7f37eb00da5a762149dc682d7829451287e11b938e94594",
        "size_in_bytes": 10174
      },
      {
        "_path": "lib/python3.8/site-packages/packaging-23.1.dist-info/LICENSE.BSD",
        "path_type": "hardlink",
        "sha256": "b70e7e9b742f1cc6f948b34c16aa39ffece94196364bc88ff0d2180f0028fac5",
        "sha256_in_prefix": "b70e7e9b742f1cc6f948b34c16aa39ffece94196364bc88ff0d2180f0028fac5",
        "size_in_bytes": 1344
      },
      {
        "_path": "lib/python3.8/site-packages/packaging-23.1.dist-info/METADATA",
        "path_type": "hardlink",
        "sha256": "26776e243971b36215781fa722a002dfe1f235c3e13ff3000ddf7f93f32399a2",
        "sha256_in_prefix": "26776e243971b36215781fa722a002dfe1f235c3e13ff3000ddf7f93f32399a2",
        "size_in_bytes": 3082
      },
      {
        "_path": "lib/python3.8/site-packages/packaging-23.1.dist-info/RECORD",
        "path_type": "hardlink",
        "sha256": "c0b594e028ba29430ac08b7013645bd61f9f42ed3935e567d6d5b52df4392de9",
        "sha256_in_prefix": "c0b594e028ba29430ac08b7013645bd61f9f42ed3935e567d6d5b52df4392de9",
        "size_in_bytes": 2646
      },
      {
        "_path": "lib/python3.8/site-packages/packaging-23.1.dist-info/REQUESTED",
        "path_type": "hardlink",
        "sha256": "e3b0c44298fc1c149afbf4c8996fb92427ae41e4649b934ca495991b7852b855",
        "sha256_in_prefix": "e3b0c44298fc1c149afbf4c8996fb92427ae41e4649b934ca495991b7852b855",
        "size_in_bytes": 0
      },
      {
        "_path": "lib/python3.8/site-packages/packaging-23.1.dist-info/WHEEL",
        "path_type": "hardlink",
        "sha256": "ad282afc9a4717d7c7475971e77ab083fd7ed8bca9644fea99cb976d552af78f",
        "sha256_in_prefix": "ad282afc9a4717d7c7475971e77ab083fd7ed8bca9644fea99cb976d552af78f",
        "size_in_bytes": 81
      },
      {
        "_path": "lib/python3.8/site-packages/packaging-23.1.dist-info/direct_url.json",
        "path_type": "hardlink",
        "sha256": "8433377bbf3649d6120b180f06011c0f2d8474048e19f1aea2c77571bfa6af1b",
        "sha256_in_prefix": "8433377bbf3649d6120b180f06011c0f2d8474048e19f1aea2c77571bfa6af1b",
        "size_in_bytes": 69
      },
      {
        "_path": "lib/python3.8/site-packages/packaging/__init__.py",
        "path_type": "hardlink",
        "sha256": "9185594a65d3e825889d3e1424f0edad2401019bbc7ccb85071a6fe46b034cb9",
        "sha256_in_prefix": "9185594a65d3e825889d3e1424f0edad2401019bbc7ccb85071a6fe46b034cb9",
        "size_in_bytes": 501
      },
      {
        "_path": "lib/python3.8/site-packages/packaging/__pycache__/__init__.cpython-38.pyc",
        "path_type": "hardlink",
        "sha256": "bdeb9247678ed2c09f3f2fb515ddcf77dc57b4e50a18a424959ff99c1cd3aeff",
        "sha256_in_prefix": "bdeb9247678ed2c09f3f2fb515ddcf77dc57b4e50a18a424959ff99c1cd3aeff",
        "size_in_bytes": 475
      },
      {
        "_path": "lib/python3.8/site-packages/packaging/__pycache__/_elffile.cpython-38.pyc",
        "path_type": "hardlink",
        "sha256": "caa2295fa00a8a4b0cc6e795da1ec12072402981dbf2cac5a693b9c933ef176a",
        "sha256_in_prefix": "caa2295fa00a8a4b0cc6e795da1ec12072402981dbf2cac5a693b9c933ef176a",
        "size_in_bytes": 3310
      },
      {
        "_path": "lib/python3.8/site-packages/packaging/__pycache__/_manylinux.cpython-38.pyc",
        "path_type": "hardlink",
        "sha256": "0d8f2e5afcaba371d5dd8a513903c532e2aaa9695e78f92515956962a632cbae",
        "sha256_in_prefix": "0d8f2e5afcaba371d5dd8a513903c532e2aaa9695e78f92515956962a632cbae",
        "size_in_bytes": 5649
      },
      {
        "_path": "lib/python3.8/site-packages/packaging/__pycache__/_musllinux.cpython-38.pyc",
        "path_type": "hardlink",
        "sha256": "21c7a1b9af65ac79473e73b2af708937fff2b9d5aa99df450d68039eea400643",
        "sha256_in_prefix": "21c7a1b9af65ac79473e73b2af708937fff2b9d5aa99df450d68039eea400643",
        "size_in_bytes": 3140
      },
      {
        "_path": "lib/python3.8/site-packages/packaging/__pycache__/_parser.cpython-38.pyc",
        "path_type": "hardlink",
        "sha256": "95dd06eec6a2b2df2354d25ffb3dcc223958dc19072ee4693af93fd030e48136",
        "sha256_in_prefix": "95dd06eec6a2b2df2354d25ffb3dcc223958dc19072ee4693af93fd030e48136",
        "size_in_bytes": 8695
      },
      {
        "_path": "lib/python3.8/site-packages/packaging/__pycache__/_structures.cpython-38.pyc",
        "path_type": "hardlink",
        "sha256": "a27e0c55d424b7e6425911b4027b4abdb9e8ca72ebdefe63561cc17bbc2b8e3b",
        "sha256_in_prefix": "a27e0c55d424b7e6425911b4027b4abdb9e8ca72ebdefe63561cc17bbc2b8e3b",
        "size_in_bytes": 2750
      },
      {
        "_path": "lib/python3.8/site-packages/packaging/__pycache__/_tokenizer.cpython-38.pyc",
        "path_type": "hardlink",
        "sha256": "e9ae80ccf07c7387de334a00f806696acf3919c5966cb485244f78b9b489e240",
        "sha256_in_prefix": "e9ae80ccf07c7387de334a00f806696acf3919c5966cb485244f78b9b489e240",
        "size_in_bytes": 5678
      },
      {
        "_path": "lib/python3.8/site-packages/packaging/__pycache__/markers.cpython-38.pyc",
        "path_type": "hardlink",
        "sha256": "2be30ce0287843f42d6ee78dd1de021535e767c1ed10f9b3707da107ddf649f8",
        "sha256_in_prefix": "2be30ce0287843f42d6ee78dd1de021535e767c1ed10f9b3707da107ddf649f8",
        "size_in_bytes": 6955
      },
      {
        "_path": "lib/python3.8/site-packages/packaging/__pycache__/metadata.cpython-38.pyc",
        "path_type": "hardlink",
        "sha256": "17899c6bad7ec7fc298349918d3abe455b2953a5a7f0d1f240e2cbba57cd811d",
        "sha256_in_prefix": "17899c6bad7ec7fc298349918d3abe455b2953a5a7f0d1f240e2cbba57cd811d",
        "size_in_bytes": 6718
      },
      {
        "_path": "lib/python3.8/site-packages/packaging/__pycache__/requirements.cpython-38.pyc",
        "path_type": "hardlink",
        "sha256": "458d4b0410184bf42631f26b8e552674867898dc7429634d65a835c05b130bd7",
        "sha256_in_prefix": "458d4b0410184bf42631f26b8e552674867898dc7429634d65a835c05b130bd7",
        "size_in_bytes": 2822
      },
      {
        "_path": "lib/python3.8/site-packages/packaging/__pycache__/specifiers.cpython-38.pyc",
        "path_type": "hardlink",
        "sha256": "c590b17ad38f0069e0b8499e4da5c56fabbf43a37b723f48fc3cd79946b94603",
        "sha256_in_prefix": "c590b17ad38f0069e0b8499e4da5c56fabbf43a37b723f48fc3cd79946b94603",
        "size_in_bytes": 30287
      },
      {
        "_path": "lib/python3.8/site-packages/packaging/__pycache__/tags.cpython-38.pyc",
        "path_type": "hardlink",
        "sha256": "abdb1d82aa27acf7b5ee78fc17ddf6044ecbb2ced10991e578b2f491b3afaa20",
        "sha256_in_prefix": "abdb1d82aa27acf7b5ee78fc17ddf6044ecbb2ced10991e578b2f491b3afaa20",
        "size_in_bytes": 13170
      },
      {
        "_path": "lib/python3.8/site-packages/packaging/__pycache__/utils.cpython-38.pyc",
        "path_type": "hardlink",
        "sha256": "dfc8084c3ebecb3b7d1a8ead74f6f1c420a57017f6bcf7566ca70e44fdbbb32c",
        "sha256_in_prefix": "dfc8084c3ebecb3b7d1a8ead74f6f1c420a57017f6bcf7566ca70e44fdbbb32c",
        "size_in_bytes": 3659
      },
      {
        "_path": "lib/python3.8/site-packages/packaging/__pycache__/version.cpython-38.pyc",
        "path_type": "hardlink",
        "sha256": "574545e5f4646b5924a0b011ed4f19de49f832025cb644d6cf5b9a777783038a",
        "sha256_in_prefix": "574545e5f4646b5924a0b011ed4f19de49f832025cb644d6cf5b9a777783038a",
        "size_in_bytes": 14123
      },
      {
        "_path": "lib/python3.8/site-packages/packaging/_elffile.py",
        "path_type": "hardlink",
        "sha256": "85b98af0e0fa67b7d8ea1c229c7114703d5bcbb73390688d62eed28671449369",
        "sha256_in_prefix": "85b98af0e0fa67b7d8ea1c229c7114703d5bcbb73390688d62eed28671449369",
        "size_in_bytes": 3266
      },
      {
        "_path": "lib/python3.8/site-packages/packaging/_manylinux.py",
        "path_type": "hardlink",
        "sha256": "1121ab0c456605cf23613b5d65101688b93bda53b300a59e7b3160a09fccb817",
        "sha256_in_prefix": "1121ab0c456605cf23613b5d65101688b93bda53b300a59e7b3160a09fccb817",
        "size_in_bytes": 8926
      },
      {
        "_path": "lib/python3.8/site-packages/packaging/_musllinux.py",
        "path_type": "hardlink",
        "sha256": "9af3e4ec53638c82ca44b21d33147b22f275ba080b802b33a3e2fdae37e98b43",
        "sha256_in_prefix": "9af3e4ec53638c82ca44b21d33147b22f275ba080b802b33a3e2fdae37e98b43",
        "size_in_bytes": 2524
      },
      {
        "_path": "lib/python3.8/site-packages/packaging/_parser.py",
        "path_type": "hardlink",
        "sha256": "289424061fd76df6feaac079eb4608108b6b4e909968e878fd831f06d7795c86",
        "sha256_in_prefix": "289424061fd76df6feaac079eb4608108b6b4e909968e878fd831f06d7795c86",
        "size_in_bytes": 10194
      },
      {
        "_path": "lib/python3.8/site-packages/packaging/_structures.py",
        "path_type": "hardlink",
        "sha256": "ab77953666d62461bf4b40e2b7f4b7028f2a42acffe4f6135c500a0597b9cabe",
        "sha256_in_prefix": "ab77953666d62461bf4b40e2b7f4b7028f2a42acffe4f6135c500a0597b9cabe",
        "size_in_bytes": 1431
      },
      {
        "_path": "lib/python3.8/site-packages/packaging/_tokenizer.py",
        "path_type": "hardlink",
        "sha256": "6a50ad6f05e138502614667a050fb0093485a11009db3fb2b087fbfff31327f9",
        "sha256_in_prefix": "6a50ad6f05e138502614667a050fb0093485a11009db3fb2b087fbfff31327f9",
        "size_in_bytes": 5292
      },
      {
        "_path": "lib/python3.8/site-packages/packaging/markers.py",
        "path_type": "hardlink",
        "sha256": "787fadc52db3ab51dd3694ddf4b71951c548c1ec0088d53482b9aae708ca9ce9",
        "sha256_in_prefix": "787fadc52db3ab51dd3694ddf4b71951c548c1ec0088d53482b9aae708ca9ce9",
        "size_in_bytes": 8208
      },
      {
        "_path": "lib/python3.8/site-packages/packaging/metadata.py",
        "path_type": "hardlink",
        "sha256": "3e310b30bc4a1bf8aedc75a328039d2a1b8dac77d68297531764389ce6ec65e3",
        "sha256_in_prefix": "3e310b30bc4a1bf8aedc75a328039d2a1b8dac77d68297531764389ce6ec65e3",
        "size_in_bytes": 16397
      },
      {
        "_path": "lib/python3.8/site-packages/packaging/py.typed",
        "path_type": "hardlink",
        "sha256": "e3b0c44298fc1c149afbf4c8996fb92427ae41e4649b934ca495991b7852b855",
        "sha256_in_prefix": "e3b0c44298fc1c149afbf4c8996fb92427ae41e4649b934ca495991b7852b855",
        "size_in_bytes": 0
      },
      {
        "_path": "lib/python3.8/site-packages/packaging/requirements.py",
        "path_type": "hardlink",
        "sha256": "849cefb49c80bc435cfd57f07e19ce655d7ce75f955bc2421a1f91f7a344e0f7",
        "sha256_in_prefix": "849cefb49c80bc435cfd57f07e19ce655d7ce75f955bc2421a1f91f7a344e0f7",
        "size_in_bytes": 3287
      },
      {
        "_path": "lib/python3.8/site-packages/packaging/specifiers.py",
        "path_type": "hardlink",
        "sha256": "64ea6a2ffc3f2a3e9917f396765890533844c879436e2ebdf3d92bfac179187b",
        "sha256_in_prefix": "64ea6a2ffc3f2a3e9917f396765890533844c879436e2ebdf3d92bfac179187b",
        "size_in_bytes": 39206
      },
      {
        "_path": "lib/python3.8/site-packages/packaging/tags.py",
        "path_type": "hardlink",
        "sha256": "ff580b5fc8754a0a6301d6023fd5ea537ef34635ed539665886cb720cf967123",
        "sha256_in_prefix": "ff580b5fc8754a0a6301d6023fd5ea537ef34635ed539665886cb720cf967123",
        "size_in_bytes": 18106
      },
      {
        "_path": "lib/python3.8/site-packages/packaging/utils.py",
        "path_type": "hardlink",
        "sha256": "7acd1c09eccab29ceb890fb757cf21df2273c73d36f1eb95dac53033ad6413ea",
        "sha256_in_prefix": "7acd1c09eccab29ceb890fb757cf21df2273c73d36f1eb95dac53033ad6413ea",
        "size_in_bytes": 4355
      },
      {
        "_path": "lib/python3.8/site-packages/packaging/version.py",
        "path_type": "hardlink",
        "sha256": "d8d1f7139ee1cd1867d0157d6e8501be03ecc654ea2c9788d04a5842836f1a2d",
        "sha256_in_prefix": "d8d1f7139ee1cd1867d0157d6e8501be03ecc654ea2c9788d04a5842836f1a2d",
        "size_in_bytes": 16326
      }
    ],
    "paths_version": 1
  },
  "requested_spec": "None",
  "sha256": "215f4499a0719322cf90f2b7bc305adecbcf0c7a618b9df10f701dfd38aa0286",
  "size": 78704,
  "subdir": "linux-64",
  "timestamp": 1693575288897,
  "track_features": "",
  "url": "https://mirrors.ustc.edu.cn/anaconda/pkgs/main/linux-64/packaging-23.1-py38h06a4308_0.conda",
  "version": "23.1"
}