{
  "build": "pyhd3eb1b0_0",
  "build_number": 0,
  "channel": "https://mirrors.ustc.edu.cn/anaconda/pkgs/main/noarch",
  "constrains": [],
  "depends": [
    "python >=3.6"
  ],
  "extracted_package_dir": "/root/miniconda3/pkgs/parso-0.8.3-pyhd3eb1b0_0",
  "features": "",
  "files": [
    "lib/python3.8/site-packages/parso-0.8.3.dist-info/AUTHORS.txt",
    "lib/python3.8/site-packages/parso-0.8.3.dist-info/INSTALLER",
    "lib/python3.8/site-packages/parso-0.8.3.dist-info/LICENSE.txt",
    "lib/python3.8/site-packages/parso-0.8.3.dist-info/METADATA",
    "lib/python3.8/site-packages/parso-0.8.3.dist-info/RECORD",
    "lib/python3.8/site-packages/parso-0.8.3.dist-info/REQUESTED",
    "lib/python3.8/site-packages/parso-0.8.3.dist-info/WHEEL",
    "lib/python3.8/site-packages/parso-0.8.3.dist-info/direct_url.json",
    "lib/python3.8/site-packages/parso-0.8.3.dist-info/top_level.txt",
    "lib/python3.8/site-packages/parso/__init__.py",
    "lib/python3.8/site-packages/parso/_compatibility.py",
    "lib/python3.8/site-packages/parso/cache.py",
    "lib/python3.8/site-packages/parso/file_io.py",
    "lib/python3.8/site-packages/parso/grammar.py",
    "lib/python3.8/site-packages/parso/normalizer.py",
    "lib/python3.8/site-packages/parso/parser.py",
    "lib/python3.8/site-packages/parso/pgen2/__init__.py",
    "lib/python3.8/site-packages/parso/pgen2/generator.py",
    "lib/python3.8/site-packages/parso/pgen2/grammar_parser.py",
    "lib/python3.8/site-packages/parso/python/__init__.py",
    "lib/python3.8/site-packages/parso/python/diff.py",
    "lib/python3.8/site-packages/parso/python/errors.py",
    "lib/python3.8/site-packages/parso/python/grammar310.txt",
    "lib/python3.8/site-packages/parso/python/grammar311.txt",
    "lib/python3.8/site-packages/parso/python/grammar312.txt",
    "lib/python3.8/site-packages/parso/python/grammar36.txt",
    "lib/python3.8/site-packages/parso/python/grammar37.txt",
    "lib/python3.8/site-packages/parso/python/grammar38.txt",
    "lib/python3.8/site-packages/parso/python/grammar39.txt",
    "lib/python3.8/site-packages/parso/python/parser.py",
    "lib/python3.8/site-packages/parso/python/pep8.py",
    "lib/python3.8/site-packages/parso/python/prefix.py",
    "lib/python3.8/site-packages/parso/python/token.py",
    "lib/python3.8/site-packages/parso/python/tokenize.py",
    "lib/python3.8/site-packages/parso/python/tree.py",
    "lib/python3.8/site-packages/parso/tree.py",
    "lib/python3.8/site-packages/parso/utils.py",
    "lib/python3.8/site-packages/parso/__pycache__/__init__.cpython-38.pyc",
    "lib/python3.8/site-packages/parso/__pycache__/_compatibility.cpython-38.pyc",
    "lib/python3.8/site-packages/parso/__pycache__/cache.cpython-38.pyc",
    "lib/python3.8/site-packages/parso/__pycache__/file_io.cpython-38.pyc",
    "lib/python3.8/site-packages/parso/__pycache__/grammar.cpython-38.pyc",
    "lib/python3.8/site-packages/parso/__pycache__/normalizer.cpython-38.pyc",
    "lib/python3.8/site-packages/parso/__pycache__/parser.cpython-38.pyc",
    "lib/python3.8/site-packages/parso/pgen2/__pycache__/__init__.cpython-38.pyc",
    "lib/python3.8/site-packages/parso/pgen2/__pycache__/generator.cpython-38.pyc",
    "lib/python3.8/site-packages/parso/pgen2/__pycache__/grammar_parser.cpython-38.pyc",
    "lib/python3.8/site-packages/parso/python/__pycache__/__init__.cpython-38.pyc",
    "lib/python3.8/site-packages/parso/python/__pycache__/diff.cpython-38.pyc",
    "lib/python3.8/site-packages/parso/python/__pycache__/errors.cpython-38.pyc",
    "lib/python3.8/site-packages/parso/python/__pycache__/parser.cpython-38.pyc",
    "lib/python3.8/site-packages/parso/python/__pycache__/pep8.cpython-38.pyc",
    "lib/python3.8/site-packages/parso/python/__pycache__/prefix.cpython-38.pyc",
    "lib/python3.8/site-packages/parso/python/__pycache__/token.cpython-38.pyc",
    "lib/python3.8/site-packages/parso/python/__pycache__/tokenize.cpython-38.pyc",
    "lib/python3.8/site-packages/parso/python/__pycache__/tree.cpython-38.pyc",
    "lib/python3.8/site-packages/parso/__pycache__/tree.cpython-38.pyc",
    "lib/python3.8/site-packages/parso/__pycache__/utils.cpython-38.pyc"
  ],
  "fn": "parso-0.8.3-pyhd3eb1b0_0.conda",
  "legacy_bz2_md5": "19dd0314629d343382a76a309cb7d183",
  "license": "MIT",
  "license_family": "MIT",
  "link": {
    "source": "/root/miniconda3/pkgs/parso-0.8.3-pyhd3eb1b0_0",
    "type": 1
  },
  "md5": "c6f0f6219bf5ce2b510ef4b75cbc3e01",
  "name": "parso",
  "noarch": "python",
  "package_tarball_full_path": "/root/miniconda3/pkgs/parso-0.8.3-pyhd3eb1b0_0.conda",
  "package_type": "noarch_python",
  "paths_data": {
    "paths": [
      {
        "_path": "site-packages/parso-0.8.3.dist-info/AUTHORS.txt",
        "path_type": "hardlink",
        "sha256": "4830a0bbc85794105c8cf3f2513f92296db4fc83363315bef7984a15a448ab22",
        "sha256_in_prefix": "4830a0bbc85794105c8cf3f2513f92296db4fc83363315bef7984a15a448ab22",
        "size_in_bytes": 2029
      },
      {
        "_path": "site-packages/parso-0.8.3.dist-info/INSTALLER",
        "path_type": "hardlink",
        "sha256": "d0edee15f91b406f3f99726e44eb990be6e34fd0345b52b910c568e0eef6a2a8",
        "sha256_in_prefix": "d0edee15f91b406f3f99726e44eb990be6e34fd0345b52b910c568e0eef6a2a8",
        "size_in_bytes": 5
      },
      {
        "_path": "site-packages/parso-0.8.3.dist-info/LICENSE.txt",
        "path_type": "hardlink",
        "sha256": "fa67973073753d17624caf8684d5ee816d70c89d912c5bca7ca0f08e7b150edb",
        "sha256_in_prefix": "fa67973073753d17624caf8684d5ee816d70c89d912c5bca7ca0f08e7b150edb",
        "size_in_bytes": 4176
      },
      {
        "_path": "site-packages/parso-0.8.3.dist-info/METADATA",
        "path_type": "hardlink",
        "sha256": "ecb67fa4200ddbca48224ede0d18d97cdb58ac89cbaf3ad6a8729378cc3c2cc7",
        "sha256_in_prefix": "ecb67fa4200ddbca48224ede0d18d97cdb58ac89cbaf3ad6a8729378cc3c2cc7",
        "size_in_bytes": 7598
      },
      {
        "_path": "site-packages/parso-0.8.3.dist-info/RECORD",
        "path_type": "hardlink",
        "sha256": "3dccce2af2b2748ffd39ad922e661f9724bbec9b6a20b86ea42ad7656f01dc8b",
        "sha256_in_prefix": "3dccce2af2b2748ffd39ad922e661f9724bbec9b6a20b86ea42ad7656f01dc8b",
        "size_in_bytes": 3975
      },
      {
        "_path": "site-packages/parso-0.8.3.dist-info/REQUESTED",
        "path_type": "hardlink",
        "sha256": "e3b0c44298fc1c149afbf4c8996fb92427ae41e4649b934ca495991b7852b855",
        "sha256_in_prefix": "e3b0c44298fc1c149afbf4c8996fb92427ae41e4649b934ca495991b7852b855",
        "size_in_bytes": 0
      },
      {
        "_path": "site-packages/parso-0.8.3.dist-info/WHEEL",
        "path_type": "hardlink",
        "sha256": "5b367c7308e1f25d23b542cd8d8ab51e9afe582a824603ebfbe4d7e0fe48d56a",
        "sha256_in_prefix": "5b367c7308e1f25d23b542cd8d8ab51e9afe582a824603ebfbe4d7e0fe48d56a",
        "size_in_bytes": 110
      },
      {
        "_path": "site-packages/parso-0.8.3.dist-info/direct_url.json",
        "path_type": "hardlink",
        "sha256": "f2dbcf8dc618d5c500e8de2c5784dd7b6c8dca2e7d9ec06d0b6d1bcc50827d2c",
        "sha256_in_prefix": "f2dbcf8dc618d5c500e8de2c5784dd7b6c8dca2e7d9ec06d0b6d1bcc50827d2c",
        "size_in_bytes": 79
      },
      {
        "_path": "site-packages/parso-0.8.3.dist-info/top_level.txt",
        "path_type": "hardlink",
        "sha256": "18e38a4023dc9ebd3fec8440af1c88d025f92cbbb858b973211015592faf278b",
        "sha256_in_prefix": "18e38a4023dc9ebd3fec8440af1c88d025f92cbbb858b973211015592faf278b",
        "size_in_bytes": 6
      },
      {
        "_path": "site-packages/parso/__init__.py",
        "path_type": "hardlink",
        "sha256": "79ab50faeb3d749a053e931fa12b26197ce86529cc0f1b8e4c4218d4f0b72d27",
        "sha256_in_prefix": "79ab50faeb3d749a053e931fa12b26197ce86529cc0f1b8e4c4218d4f0b72d27",
        "size_in_bytes": 1607
      },
      {
        "_path": "site-packages/parso/_compatibility.py",
        "path_type": "hardlink",
        "sha256": "cbe7c04c9d5dc9aa15af2d7be42303040d3cf08193c4286408a0f6754027b2b5",
        "sha256_in_prefix": "cbe7c04c9d5dc9aa15af2d7be42303040d3cf08193c4286408a0f6754027b2b5",
        "size_in_bytes": 70
      },
      {
        "_path": "site-packages/parso/cache.py",
        "path_type": "hardlink",
        "sha256": "2b240165d4ee0578438cb9b04d22ce832428ab834bb7fc0daf5f3cd834e4396e",
        "sha256_in_prefix": "2b240165d4ee0578438cb9b04d22ce832428ab834bb7fc0daf5f3cd834e4396e",
        "size_in_bytes": 8452
      },
      {
        "_path": "site-packages/parso/file_io.py",
        "path_type": "hardlink",
        "sha256": "d926d742e3298c0690d0e62fc595ce825fa853de39f82ac87a2dde11a9965a69",
        "sha256_in_prefix": "d926d742e3298c0690d0e62fc595ce825fa853de39f82ac87a2dde11a9965a69",
        "size_in_bytes": 1023
      },
      {
        "_path": "site-packages/parso/grammar.py",
        "path_type": "hardlink",
        "sha256": "83df2eb1724e8dbdafbc40f2a21d4c5ad59b88e5f65cfd3088b99acadfccc6e8",
        "sha256_in_prefix": "83df2eb1724e8dbdafbc40f2a21d4c5ad59b88e5f65cfd3088b99acadfccc6e8",
        "size_in_bytes": 10483
      },
      {
        "_path": "site-packages/parso/normalizer.py",
        "path_type": "hardlink",
        "sha256": "81e606f54650e99a5a7d373f0a25d0a01b7c54899d06c88dc3afc624b79219b8",
        "sha256_in_prefix": "81e606f54650e99a5a7d373f0a25d0a01b7c54899d06c88dc3afc624b79219b8",
        "size_in_bytes": 5597
      },
      {
        "_path": "site-packages/parso/parser.py",
        "path_type": "hardlink",
        "sha256": "aa522b462912c4071c7ec0ba07a63db0f5b21214741c805a09b36f795d4e7001",
        "sha256_in_prefix": "aa522b462912c4071c7ec0ba07a63db0f5b21214741c805a09b36f795d4e7001",
        "size_in_bytes": 7182
      },
      {
        "_path": "site-packages/parso/pgen2/__init__.py",
        "path_type": "hardlink",
        "sha256": "9057d166c49178ce3d57460827f706d3f4cc4dec36b7820c6c6f7928ed8123c1",
        "sha256_in_prefix": "9057d166c49178ce3d57460827f706d3f4cc4dec36b7820c6c6f7928ed8123c1",
        "size_in_bytes": 382
      },
      {
        "_path": "site-packages/parso/pgen2/generator.py",
        "path_type": "hardlink",
        "sha256": "e644b97818f3f6c0dd6af50cc0dcb0e85b433e1bfe3d55e2bb20d4342f0a88b4",
        "sha256_in_prefix": "e644b97818f3f6c0dd6af50cc0dcb0e85b433e1bfe3d55e2bb20d4342f0a88b4",
        "size_in_bytes": 14570
      },
      {
        "_path": "site-packages/parso/pgen2/grammar_parser.py",
        "path_type": "hardlink",
        "sha256": "927261ddae34fc9c5491bd0778f1bbf19668aa3a4f364dee67034ecf6124915e",
        "sha256_in_prefix": "927261ddae34fc9c5491bd0778f1bbf19668aa3a4f364dee67034ecf6124915e",
        "size_in_bytes": 5515
      },
      {
        "_path": "site-packages/parso/python/__init__.py",
        "path_type": "hardlink",
        "sha256": "e3b0c44298fc1c149afbf4c8996fb92427ae41e4649b934ca495991b7852b855",
        "sha256_in_prefix": "e3b0c44298fc1c149afbf4c8996fb92427ae41e4649b934ca495991b7852b855",
        "size_in_bytes": 0
      },
      {
        "_path": "site-packages/parso/python/diff.py",
        "path_type": "hardlink",
        "sha256": "8f2aea5912a49723cf7b36512911f1a0a6e1932c22094a061ff2b51dc452c8c0",
        "sha256_in_prefix": "8f2aea5912a49723cf7b36512911f1a0a6e1932c22094a061ff2b51dc452c8c0",
        "size_in_bytes": 34206
      },
      {
        "_path": "site-packages/parso/python/errors.py",
        "path_type": "hardlink",
        "sha256": "d274c577af768cabf11e9c249646f3d65441c8f1538ff7f5c66b55b24d238b61",
        "sha256_in_prefix": "d274c577af768cabf11e9c249646f3d65441c8f1538ff7f5c66b55b24d238b61",
        "size_in_bytes": 47955
      },
      {
        "_path": "site-packages/parso/python/grammar310.txt",
        "path_type": "hardlink",
        "sha256": "4305da1ea25c27fce08bd14001b76fd54fe42a0724bbd5168c76680a56eda5be",
        "sha256_in_prefix": "4305da1ea25c27fce08bd14001b76fd54fe42a0724bbd5168c76680a56eda5be",
        "size_in_bytes": 7511
      },
      {
        "_path": "site-packages/parso/python/grammar311.txt",
        "path_type": "hardlink",
        "sha256": "4305da1ea25c27fce08bd14001b76fd54fe42a0724bbd5168c76680a56eda5be",
        "sha256_in_prefix": "4305da1ea25c27fce08bd14001b76fd54fe42a0724bbd5168c76680a56eda5be",
        "size_in_bytes": 7511
      },
      {
        "_path": "site-packages/parso/python/grammar312.txt",
        "path_type": "hardlink",
        "sha256": "4305da1ea25c27fce08bd14001b76fd54fe42a0724bbd5168c76680a56eda5be",
        "sha256_in_prefix": "4305da1ea25c27fce08bd14001b76fd54fe42a0724bbd5168c76680a56eda5be",
        "size_in_bytes": 7511
      },
      {
        "_path": "site-packages/parso/python/grammar36.txt",
        "path_type": "hardlink",
        "sha256": "7b38d711e2e91bd04132b374adb33767bee6727d17112c52940699132d9eafe9",
        "sha256_in_prefix": "7b38d711e2e91bd04132b374adb33767bee6727d17112c52940699132d9eafe9",
        "size_in_bytes": 6948
      },
      {
        "_path": "site-packages/parso/python/grammar37.txt",
        "path_type": "hardlink",
        "sha256": "29eef7fec4dc8afb41b76ae425aa0d6225daff32de9e10abf7a1ce54fa5907f1",
        "sha256_in_prefix": "29eef7fec4dc8afb41b76ae425aa0d6225daff32de9e10abf7a1ce54fa5907f1",
        "size_in_bytes": 6804
      },
      {
        "_path": "site-packages/parso/python/grammar38.txt",
        "path_type": "hardlink",
        "sha256": "3a13d179562a86c5f6456c95af271add150672f2dbf91d5d71bc1d6e03c8bc12",
        "sha256_in_prefix": "3a13d179562a86c5f6456c95af271add150672f2dbf91d5d71bc1d6e03c8bc12",
        "size_in_bytes": 7591
      },
      {
        "_path": "site-packages/parso/python/grammar39.txt",
        "path_type": "hardlink",
        "sha256": "715ad56c5f4f8395092c58b6b6f2deb4f906f81380929a836bd86ab253634875",
        "sha256_in_prefix": "715ad56c5f4f8395092c58b6b6f2deb4f906f81380929a836bd86ab253634875",
        "size_in_bytes": 7499
      },
      {
        "_path": "site-packages/parso/python/parser.py",
        "path_type": "hardlink",
        "sha256": "e4e314df6c9b3c5ea470a51d6dc7cd3640ce2bc849cb407b7ea8ba6fe19fc2ac",
        "sha256_in_prefix": "e4e314df6c9b3c5ea470a51d6dc7cd3640ce2bc849cb407b7ea8ba6fe19fc2ac",
        "size_in_bytes": 8108
      },
      {
        "_path": "site-packages/parso/python/pep8.py",
        "path_type": "hardlink",
        "sha256": "b6cb91b255d9bdf8a8f0b4c12006df1318c1213d5fdd78f1de282ddbc7e6dc6e",
        "sha256_in_prefix": "b6cb91b255d9bdf8a8f0b4c12006df1318c1213d5fdd78f1de282ddbc7e6dc6e",
        "size_in_bytes": 33779
      },
      {
        "_path": "site-packages/parso/python/prefix.py",
        "path_type": "hardlink",
        "sha256": "04cf7755e9c103556cfaa93600948b04c24d9f90436f25592c867949c4f81485",
        "sha256_in_prefix": "04cf7755e9c103556cfaa93600948b04c24d9f90436f25592c867949c4f81485",
        "size_in_bytes": 2743
      },
      {
        "_path": "site-packages/parso/python/token.py",
        "path_type": "hardlink",
        "sha256": "d1dce641fe8be7d6c425bf4c5d86eb0edab76c01cd753ba4f8f98e868c7cd46e",
        "sha256_in_prefix": "d1dce641fe8be7d6c425bf4c5d86eb0edab76c01cd753ba4f8f98e868c7cd46e",
        "size_in_bytes": 909
      },
      {
        "_path": "site-packages/parso/python/tokenize.py",
        "path_type": "hardlink",
        "sha256": "92a986f1211d91b2c6dc67fa810c9e4197aba78ca1cf35d7d7814260e649e662",
        "sha256_in_prefix": "92a986f1211d91b2c6dc67fa810c9e4197aba78ca1cf35d7d7814260e649e662",
        "size_in_bytes": 25795
      },
      {
        "_path": "site-packages/parso/python/tree.py",
        "path_type": "hardlink",
        "sha256": "45ab13244557f06f7b260bdb0109c29673a6f99c939ac4c00d594738b3ca4414",
        "sha256_in_prefix": "45ab13244557f06f7b260bdb0109c29673a6f99c939ac4c00d594738b3ca4414",
        "size_in_bytes": 37187
      },
      {
        "_path": "site-packages/parso/tree.py",
        "path_type": "hardlink",
        "sha256": "75e67af2e02ad23a1d11eba626905859759c8885dc0587e9b0ba5ed5fd562cef",
        "sha256_in_prefix": "75e67af2e02ad23a1d11eba626905859759c8885dc0587e9b0ba5ed5fd562cef",
        "size_in_bytes": 16153
      },
      {
        "_path": "site-packages/parso/utils.py",
        "path_type": "hardlink",
        "sha256": "a96f2426ec3da722bc59a222dfb157e3890d8c068882ed79106bfb57f4783e61",
        "sha256_in_prefix": "a96f2426ec3da722bc59a222dfb157e3890d8c068882ed79106bfb57f4783e61",
        "size_in_bytes": 6620
      },
      {
        "_path": "lib/python3.8/site-packages/parso/__pycache__/__init__.cpython-38.pyc",
        "path_type": "pyc_file"
      },
      {
        "_path": "lib/python3.8/site-packages/parso/__pycache__/_compatibility.cpython-38.pyc",
        "path_type": "pyc_file"
      },
      {
        "_path": "lib/python3.8/site-packages/parso/__pycache__/cache.cpython-38.pyc",
        "path_type": "pyc_file"
      },
      {
        "_path": "lib/python3.8/site-packages/parso/__pycache__/file_io.cpython-38.pyc",
        "path_type": "pyc_file"
      },
      {
        "_path": "lib/python3.8/site-packages/parso/__pycache__/grammar.cpython-38.pyc",
        "path_type": "pyc_file"
      },
      {
        "_path": "lib/python3.8/site-packages/parso/__pycache__/normalizer.cpython-38.pyc",
        "path_type": "pyc_file"
      },
      {
        "_path": "lib/python3.8/site-packages/parso/__pycache__/parser.cpython-38.pyc",
        "path_type": "pyc_file"
      },
      {
        "_path": "lib/python3.8/site-packages/parso/pgen2/__pycache__/__init__.cpython-38.pyc",
        "path_type": "pyc_file"
      },
      {
        "_path": "lib/python3.8/site-packages/parso/pgen2/__pycache__/generator.cpython-38.pyc",
        "path_type": "pyc_file"
      },
      {
        "_path": "lib/python3.8/site-packages/parso/pgen2/__pycache__/grammar_parser.cpython-38.pyc",
        "path_type": "pyc_file"
      },
      {
        "_path": "lib/python3.8/site-packages/parso/python/__pycache__/__init__.cpython-38.pyc",
        "path_type": "pyc_file"
      },
      {
        "_path": "lib/python3.8/site-packages/parso/python/__pycache__/diff.cpython-38.pyc",
        "path_type": "pyc_file"
      },
      {
        "_path": "lib/python3.8/site-packages/parso/python/__pycache__/errors.cpython-38.pyc",
        "path_type": "pyc_file"
      },
      {
        "_path": "lib/python3.8/site-packages/parso/python/__pycache__/parser.cpython-38.pyc",
        "path_type": "pyc_file"
      },
      {
        "_path": "lib/python3.8/site-packages/parso/python/__pycache__/pep8.cpython-38.pyc",
        "path_type": "pyc_file"
      },
      {
        "_path": "lib/python3.8/site-packages/parso/python/__pycache__/prefix.cpython-38.pyc",
        "path_type": "pyc_file"
      },
      {
        "_path": "lib/python3.8/site-packages/parso/python/__pycache__/token.cpython-38.pyc",
        "path_type": "pyc_file"
      },
      {
        "_path": "lib/python3.8/site-packages/parso/python/__pycache__/tokenize.cpython-38.pyc",
        "path_type": "pyc_file"
      },
      {
        "_path": "lib/python3.8/site-packages/parso/python/__pycache__/tree.cpython-38.pyc",
        "path_type": "pyc_file"
      },
      {
        "_path": "lib/python3.8/site-packages/parso/__pycache__/tree.cpython-38.pyc",
        "path_type": "pyc_file"
      },
      {
        "_path": "lib/python3.8/site-packages/parso/__pycache__/utils.cpython-38.pyc",
        "path_type": "pyc_file"
      }
    ],
    "paths_version": 1
  },
  "requested_spec": "None",
  "sha256": "e6be6d3a4fec00fc3699a716bbbf48779ef4ab9149fa92df71d9a03d69a66a84",
  "size": 71964,
  "subdir": "noarch",
  "timestamp": 1641458670141,
  "track_features": "",
  "url": "https://mirrors.ustc.edu.cn/anaconda/pkgs/main/noarch/parso-0.8.3-pyhd3eb1b0_0.conda",
  "version": "0.8.3"
}