{
  "build": "pyhd3eb1b0_1003",
  "build_number": 1003,
  "channel": "https://mirrors.ustc.edu.cn/anaconda/pkgs/main/noarch",
  "constrains": [],
  "depends": [
    "python >=3"
  ],
  "extracted_package_dir": "/root/miniconda3/pkgs/pickleshare-0.7.5-pyhd3eb1b0_1003",
  "features": "",
  "files": [
    "lib/python3.8/site-packages/pickleshare-0.7.5.dist-info/INSTALLER",
    "lib/python3.8/site-packages/pickleshare-0.7.5.dist-info/LICENSE",
    "lib/python3.8/site-packages/pickleshare-0.7.5.dist-info/METADATA",
    "lib/python3.8/site-packages/pickleshare-0.7.5.dist-info/RECORD",
    "lib/python3.8/site-packages/pickleshare-0.7.5.dist-info/REQUESTED",
    "lib/python3.8/site-packages/pickleshare-0.7.5.dist-info/WHEEL",
    "lib/python3.8/site-packages/pickleshare-0.7.5.dist-info/direct_url.json",
    "lib/python3.8/site-packages/pickleshare-0.7.5.dist-info/top_level.txt",
    "lib/python3.8/site-packages/pickleshare.py",
    "lib/python3.8/site-packages/__pycache__/pickleshare.cpython-38.pyc"
  ],
  "fn": "pickleshare-0.7.5-pyhd3eb1b0_1003.conda",
  "legacy_bz2_md5": "e68a6f315f41a8d814d833652bf38b9b",
  "license": "MIT",
  "link": {
    "source": "/root/miniconda3/pkgs/pickleshare-0.7.5-pyhd3eb1b0_1003",
    "type": 1
  },
  "md5": "4a6363fd8dda664b95f99f7c5aa95abc",
  "name": "pickleshare",
  "noarch": "python",
  "package_tarball_full_path": "/root/miniconda3/pkgs/pickleshare-0.7.5-pyhd3eb1b0_1003.conda",
  "package_type": "noarch_python",
  "paths_data": {
    "paths": [
      {
        "_path": "site-packages/pickleshare-0.7.5.dist-info/INSTALLER",
        "path_type": "hardlink",
        "sha256": "d0edee15f91b406f3f99726e44eb990be6e34fd0345b52b910c568e0eef6a2a8",
        "sha256_in_prefix": "d0edee15f91b406f3f99726e44eb990be6e34fd0345b52b910c568e0eef6a2a8",
        "size_in_bytes": 5
      },
      {
        "_path": "site-packages/pickleshare-0.7.5.dist-info/LICENSE",
        "path_type": "hardlink",
        "sha256": "db1fefc1789444409514c0cae0bfab7f8e374ff9b78e092cecb1e0aeb6a36d90",
        "sha256_in_prefix": "db1fefc1789444409514c0cae0bfab7f8e374ff9b78e092cecb1e0aeb6a36d90",
        "size_in_bytes": 1079
      },
      {
        "_path": "site-packages/pickleshare-0.7.5.dist-info/METADATA",
        "path_type": "hardlink",
        "sha256": "19a4aec39660259a6ccf23c90f7c73d63b479a284d856e20b92cd49bf78b6615",
        "sha256_in_prefix": "19a4aec39660259a6ccf23c90f7c73d63b479a284d856e20b92cd49bf78b6615",
        "size_in_bytes": 1520
      },
      {
        "_path": "site-packages/pickleshare-0.7.5.dist-info/RECORD",
        "path_type": "hardlink",
        "sha256": "6f3c78e42335ac82e405ff1ddf8a2c602be280501e53d4339f6aa5f990cdf6c2",
        "sha256_in_prefix": "6f3c78e42335ac82e405ff1ddf8a2c602be280501e53d4339f6aa5f990cdf6c2",
        "size_in_bytes": 809
      },
      {
        "_path": "site-packages/pickleshare-0.7.5.dist-info/REQUESTED",
        "path_type": "hardlink",
        "sha256": "e3b0c44298fc1c149afbf4c8996fb92427ae41e4649b934ca495991b7852b855",
        "sha256_in_prefix": "e3b0c44298fc1c149afbf4c8996fb92427ae41e4649b934ca495991b7852b855",
        "size_in_bytes": 0
      },
      {
        "_path": "site-packages/pickleshare-0.7.5.dist-info/WHEEL",
        "path_type": "hardlink",
        "sha256": "00329ec9a1b2285e43c01344d2c444e69bd6f9b4a414c25f06e873677adc78fe",
        "sha256_in_prefix": "00329ec9a1b2285e43c01344d2c444e69bd6f9b4a414c25f06e873677adc78fe",
        "size_in_bytes": 110
      },
      {
        "_path": "site-packages/pickleshare-0.7.5.dist-info/direct_url.json",
        "path_type": "hardlink",
        "sha256": "90253659b8b94081ffe430784ce2a8645e34c4f84bb48139fbb6e43b956a0d4d",
        "sha256_in_prefix": "90253659b8b94081ffe430784ce2a8645e34c4f84bb48139fbb6e43b956a0d4d",
        "size_in_bytes": 84
      },
      {
        "_path": "site-packages/pickleshare-0.7.5.dist-info/top_level.txt",
        "path_type": "hardlink",
        "sha256": "1a2617205194689807f88e7a194e90f4303c426c01b5334bd7f50c06511296db",
        "sha256_in_prefix": "1a2617205194689807f88e7a194e90f4303c426c01b5334bd7f50c06511296db",
        "size_in_bytes": 12
      },
      {
        "_path": "site-packages/pickleshare.py",
        "path_type": "hardlink",
        "sha256": "600615fe0e690e755f3b721e479bccc8d3485ace1d84132d4df2077af2ca23a1",
        "sha256_in_prefix": "600615fe0e690e755f3b721e479bccc8d3485ace1d84132d4df2077af2ca23a1",
        "size_in_bytes": 9942
      },
      {
        "_path": "lib/python3.8/site-packages/__pycache__/pickleshare.cpython-38.pyc",
        "path_type": "pyc_file"
      }
    ],
    "paths_version": 1
  },
  "requested_spec": "None",
  "sha256": "c4c974ac5bab1628bc472eb271903206ebc349f30cf590740560b6284118852a",
  "size": 13463,
  "subdir": "noarch",
  "timestamp": 1606932077143,
  "track_features": "",
  "url": "https://mirrors.ustc.edu.cn/anaconda/pkgs/main/noarch/pickleshare-0.7.5-pyhd3eb1b0_1003.conda",
  "version": "0.7.5"
}