{
  "build": "py38h06a4308_0",
  "build_number": 0,
  "channel": "https://mirrors.ustc.edu.cn/anaconda/pkgs/main/linux-64",
  "constrains": [],
  "depends": [
    "python >=3.8,<3.9.0a0"
  ],
  "extracted_package_dir": "/root/miniconda3/pkgs/platformdirs-3.10.0-py38h06a4308_0",
  "features": "",
  "files": [
    "lib/python3.8/site-packages/platformdirs-3.10.0.dist-info/INSTALLER",
    "lib/python3.8/site-packages/platformdirs-3.10.0.dist-info/METADATA",
    "lib/python3.8/site-packages/platformdirs-3.10.0.dist-info/RECORD",
    "lib/python3.8/site-packages/platformdirs-3.10.0.dist-info/REQUESTED",
    "lib/python3.8/site-packages/platformdirs-3.10.0.dist-info/WHEEL",
    "lib/python3.8/site-packages/platformdirs-3.10.0.dist-info/direct_url.json",
    "lib/python3.8/site-packages/platformdirs-3.10.0.dist-info/licenses/LICENSE",
    "lib/python3.8/site-packages/platformdirs/__init__.py",
    "lib/python3.8/site-packages/platformdirs/__main__.py",
    "lib/python3.8/site-packages/platformdirs/__pycache__/__init__.cpython-38.pyc",
    "lib/python3.8/site-packages/platformdirs/__pycache__/__main__.cpython-38.pyc",
    "lib/python3.8/site-packages/platformdirs/__pycache__/android.cpython-38.pyc",
    "lib/python3.8/site-packages/platformdirs/__pycache__/api.cpython-38.pyc",
    "lib/python3.8/site-packages/platformdirs/__pycache__/macos.cpython-38.pyc",
    "lib/python3.8/site-packages/platformdirs/__pycache__/unix.cpython-38.pyc",
    "lib/python3.8/site-packages/platformdirs/__pycache__/version.cpython-38.pyc",
    "lib/python3.8/site-packages/platformdirs/__pycache__/windows.cpython-38.pyc",
    "lib/python3.8/site-packages/platformdirs/android.py",
    "lib/python3.8/site-packages/platformdirs/api.py",
    "lib/python3.8/site-packages/platformdirs/macos.py",
    "lib/python3.8/site-packages/platformdirs/py.typed",
    "lib/python3.8/site-packages/platformdirs/unix.py",
    "lib/python3.8/site-packages/platformdirs/version.py",
    "lib/python3.8/site-packages/platformdirs/windows.py"
  ],
  "fn": "platformdirs-3.10.0-py38h06a4308_0.conda",
  "legacy_bz2_md5": "9bc4d8193c88dbeb3ee43a8f44c56adf",
  "license": "MIT",
  "license_family": "MIT",
  "link": {
    "source": "/root/miniconda3/pkgs/platformdirs-3.10.0-py38h06a4308_0",
    "type": 1
  },
  "md5": "4084943527055d1ad2828832ad9de05c",
  "name": "platformdirs",
  "package_tarball_full_path": "/root/miniconda3/pkgs/platformdirs-3.10.0-py38h06a4308_0.conda",
  "paths_data": {
    "paths": [
      {
        "_path": "lib/python3.8/site-packages/platformdirs-3.10.0.dist-info/INSTALLER",
        "path_type": "hardlink",
        "sha256": "d0edee15f91b406f3f99726e44eb990be6e34fd0345b52b910c568e0eef6a2a8",
        "sha256_in_prefix": "d0edee15f91b406f3f99726e44eb990be6e34fd0345b52b910c568e0eef6a2a8",
        "size_in_bytes": 5
      },
      {
        "_path": "lib/python3.8/site-packages/platformdirs-3.10.0.dist-info/METADATA",
        "path_type": "hardlink",
        "sha256": "ab5f25a53347e316db071ba8d939c0ac6007b26a168b35e3cbff28e65e1fa81e",
        "sha256_in_prefix": "ab5f25a53347e316db071ba8d939c0ac6007b26a168b35e3cbff28e65e1fa81e",
        "size_in_bytes": 11482
      },
      {
        "_path": "lib/python3.8/site-packages/platformdirs-3.10.0.dist-info/RECORD",
        "path_type": "hardlink",
        "sha256": "8cf2ec85336d3aedd14e784de1bd3a32a0cde00f22e773e5ba295a9987f2f5c0",
        "sha256_in_prefix": "8cf2ec85336d3aedd14e784de1bd3a32a0cde00f22e773e5ba295a9987f2f5c0",
        "size_in_bytes": 1741
      },
      {
        "_path": "lib/python3.8/site-packages/platformdirs-3.10.0.dist-info/REQUESTED",
        "path_type": "hardlink",
        "sha256": "e3b0c44298fc1c149afbf4c8996fb92427ae41e4649b934ca495991b7852b855",
        "sha256_in_prefix": "e3b0c44298fc1c149afbf4c8996fb92427ae41e4649b934ca495991b7852b855",
        "size_in_bytes": 0
      },
      {
        "_path": "lib/python3.8/site-packages/platformdirs-3.10.0.dist-info/WHEEL",
        "path_type": "hardlink",
        "sha256": "f5006e1e183a14d5bb969a5ba05daf2956c2193573b05ca48114238e56a3ae10",
        "sha256_in_prefix": "f5006e1e183a14d5bb969a5ba05daf2956c2193573b05ca48114238e56a3ae10",
        "size_in_bytes": 87
      },
      {
        "_path": "lib/python3.8/site-packages/platformdirs-3.10.0.dist-info/direct_url.json",
        "path_type": "hardlink",
        "sha256": "7282caea4c371ebee730335357120382a379d9ab84ff464f0074d141924e80e4",
        "sha256_in_prefix": "7282caea4c371ebee730335357120382a379d9ab84ff464f0074d141924e80e4",
        "size_in_bytes": 72
      },
      {
        "_path": "lib/python3.8/site-packages/platformdirs-3.10.0.dist-info/licenses/LICENSE",
        "path_type": "hardlink",
        "sha256": "29e0fd62e929850e86eb28c3fdccf0cefdf4fa94879011cffb3d0d4bed6d4db6",
        "sha256_in_prefix": "29e0fd62e929850e86eb28c3fdccf0cefdf4fa94879011cffb3d0d4bed6d4db6",
        "size_in_bytes": 1089
      },
      {
        "_path": "lib/python3.8/site-packages/platformdirs/__init__.py",
        "path_type": "hardlink",
        "sha256": "f6efe4aa90a1b4e9e917fd61a859fc84414db083a495ed1e0d68da58edea1c6f",
        "sha256_in_prefix": "f6efe4aa90a1b4e9e917fd61a859fc84414db083a495ed1e0d68da58edea1c6f",
        "size_in_bytes": 22285
      },
      {
        "_path": "lib/python3.8/site-packages/platformdirs/__main__.py",
        "path_type": "hardlink",
        "sha256": "bba1d8ab3d65d911e1457794098a43c6844f6aa26563ff35c2c51a91fc0cfa9b",
        "sha256_in_prefix": "bba1d8ab3d65d911e1457794098a43c6844f6aa26563ff35c2c51a91fc0cfa9b",
        "size_in_bytes": 1488
      },
      {
        "_path": "lib/python3.8/site-packages/platformdirs/__pycache__/__init__.cpython-38.pyc",
        "path_type": "hardlink",
        "sha256": "d653d0fe4da387e55a52d59202ef254de5343d6423f2b809b1134b480fbe28bd",
        "sha256_in_prefix": "d653d0fe4da387e55a52d59202ef254de5343d6423f2b809b1134b480fbe28bd",
        "size_in_bytes": 16457
      },
      {
        "_path": "lib/python3.8/site-packages/platformdirs/__pycache__/__main__.cpython-38.pyc",
        "path_type": "hardlink",
        "sha256": "4b881f1e8306a57a74af834bab3f6f7e778509b622c5a1919202f458bd8daaff",
        "sha256_in_prefix": "4b881f1e8306a57a74af834bab3f6f7e778509b622c5a1919202f458bd8daaff",
        "size_in_bytes": 1320
      },
      {
        "_path": "lib/python3.8/site-packages/platformdirs/__pycache__/android.cpython-38.pyc",
        "path_type": "hardlink",
        "sha256": "1f95def7310a5f7ee4f84c3e1fc7fa9df8714c87aa14a2657fbd497f89914424",
        "sha256_in_prefix": "1f95def7310a5f7ee4f84c3e1fc7fa9df8714c87aa14a2657fbd497f89914424",
        "size_in_bytes": 7592
      },
      {
        "_path": "lib/python3.8/site-packages/platformdirs/__pycache__/api.cpython-38.pyc",
        "path_type": "hardlink",
        "sha256": "f4dff2c8b24215a7c10570f0d9c63961af6dff5b2b6b461cbaa2bfdddc8835cb",
        "sha256_in_prefix": "f4dff2c8b24215a7c10570f0d9c63961af6dff5b2b6b461cbaa2bfdddc8835cb",
        "size_in_bytes": 8577
      },
      {
        "_path": "lib/python3.8/site-packages/platformdirs/__pycache__/macos.cpython-38.pyc",
        "path_type": "hardlink",
        "sha256": "8737808fd2fa85a441dbc8fdc45586f7c19da83d1c1551ca4d2f201cf7a9e779",
        "sha256_in_prefix": "8737808fd2fa85a441dbc8fdc45586f7c19da83d1c1551ca4d2f201cf7a9e779",
        "size_in_bytes": 4835
      },
      {
        "_path": "lib/python3.8/site-packages/platformdirs/__pycache__/unix.cpython-38.pyc",
        "path_type": "hardlink",
        "sha256": "53c93fd7cc5fe2b85be8e078258f012055fb7b876dc15ef7c56eb7244e478916",
        "sha256_in_prefix": "53c93fd7cc5fe2b85be8e078258f012055fb7b876dc15ef7c56eb7244e478916",
        "size_in_bytes": 10178
      },
      {
        "_path": "lib/python3.8/site-packages/platformdirs/__pycache__/version.cpython-38.pyc",
        "path_type": "hardlink",
        "sha256": "67dd35415c0dc4339e9616313b4d1aa4746c40fd1dfda6975d52ecf205d8b9b2",
        "sha256_in_prefix": "67dd35415c0dc4339e9616313b4d1aa4746c40fd1dfda6975d52ecf205d8b9b2",
        "size_in_bytes": 238
      },
      {
        "_path": "lib/python3.8/site-packages/platformdirs/__pycache__/windows.cpython-38.pyc",
        "path_type": "hardlink",
        "sha256": "d9993107c6070f856b7577720b3fadd8c74915388fb5874db5b6715a22ebcd6c",
        "sha256_in_prefix": "d9993107c6070f856b7577720b3fadd8c74915388fb5874db5b6715a22ebcd6c",
        "size_in_bytes": 9187
      },
      {
        "_path": "lib/python3.8/site-packages/platformdirs/android.py",
        "path_type": "hardlink",
        "sha256": "ebc04ea344b41a56e582d0f8e895ad68bb38c97153bb19cd0c63e9b11bf82a9e",
        "sha256_in_prefix": "ebc04ea344b41a56e582d0f8e895ad68bb38c97153bb19cd0c63e9b11bf82a9e",
        "size_in_bytes": 7581
      },
      {
        "_path": "lib/python3.8/site-packages/platformdirs/api.py",
        "path_type": "hardlink",
        "sha256": "c06ed8eaeba4eaf806bee279df38777bba778742c7c6f85e893a44f2e539f144",
        "sha256_in_prefix": "c06ed8eaeba4eaf806bee279df38777bba778742c7c6f85e893a44f2e539f144",
        "size_in_bytes": 7686
      },
      {
        "_path": "lib/python3.8/site-packages/platformdirs/macos.py",
        "path_type": "hardlink",
        "sha256": "3d58119237cfcc6cf62333f517e726f2791252deb92e358056a14956ce8e82dc",
        "sha256_in_prefix": "3d58119237cfcc6cf62333f517e726f2791252deb92e358056a14956ce8e82dc",
        "size_in_bytes": 4049
      },
      {
        "_path": "lib/python3.8/site-packages/platformdirs/py.typed",
        "path_type": "hardlink",
        "sha256": "e3b0c44298fc1c149afbf4c8996fb92427ae41e4649b934ca495991b7852b855",
        "sha256_in_prefix": "e3b0c44298fc1c149afbf4c8996fb92427ae41e4649b934ca495991b7852b855",
        "size_in_bytes": 0
      },
      {
        "_path": "lib/python3.8/site-packages/platformdirs/unix.py",
        "path_type": "hardlink",
        "sha256": "a1c81a63347446c714c05537ffa13f0b963cf1fc2f207b080a43a79ab9bf2f94",
        "sha256_in_prefix": "a1c81a63347446c714c05537ffa13f0b963cf1fc2f207b080a43a79ab9bf2f94",
        "size_in_bytes": 10042
      },
      {
        "_path": "lib/python3.8/site-packages/platformdirs/version.py",
        "path_type": "hardlink",
        "sha256": "a349560b8736a0b7fc6ff483dd1cd910d298302da801adc82ca016762e578814",
        "sha256_in_prefix": "a349560b8736a0b7fc6ff483dd1cd910d298302da801adc82ca016762e578814",
        "size_in_bytes": 162
      },
      {
        "_path": "lib/python3.8/site-packages/platformdirs/windows.py",
        "path_type": "hardlink",
        "sha256": "3dea0fb4e872d21b9bdc7ead1f4651acb15151951ea309745024c6c95d396bfc",
        "sha256_in_prefix": "3dea0fb4e872d21b9bdc7ead1f4651acb15151951ea309745024c6c95d396bfc",
        "size_in_bytes": 10006
      }
    ],
    "paths_version": 1
  },
  "requested_spec": "None",
  "sha256": "15b126aeefe6feac6abdc153448e9293bbfbf84914ab250312818c1b8fccec8e",
  "size": 33382,
  "subdir": "linux-64",
  "timestamp": 1692205473871,
  "track_features": "",
  "url": "https://mirrors.ustc.edu.cn/anaconda/pkgs/main/linux-64/platformdirs-3.10.0-py38h06a4308_0.conda",
  "version": "3.10.0"
}