{
  "build": "pyhd3eb1b0_2",
  "build_number": 2,
  "channel": "https://mirrors.ustc.edu.cn/anaconda/pkgs/main/noarch",
  "constrains": [],
  "depends": [
    "python"
  ],
  "extracted_package_dir": "/root/miniconda3/pkgs/ptyprocess-0.7.0-pyhd3eb1b0_2",
  "features": "",
  "files": [
    "lib/python3.8/site-packages/ptyprocess-0.7.0.dist-info/INSTALLER",
    "lib/python3.8/site-packages/ptyprocess-0.7.0.dist-info/LICENSE",
    "lib/python3.8/site-packages/ptyprocess-0.7.0.dist-info/METADATA",
    "lib/python3.8/site-packages/ptyprocess-0.7.0.dist-info/RECORD",
    "lib/python3.8/site-packages/ptyprocess-0.7.0.dist-info/REQUESTED",
    "lib/python3.8/site-packages/ptyprocess-0.7.0.dist-info/WHEEL",
    "lib/python3.8/site-packages/ptyprocess-0.7.0.dist-info/direct_url.json",
    "lib/python3.8/site-packages/ptyprocess/__init__.py",
    "lib/python3.8/site-packages/ptyprocess/_fork_pty.py",
    "lib/python3.8/site-packages/ptyprocess/ptyprocess.py",
    "lib/python3.8/site-packages/ptyprocess/util.py",
    "lib/python3.8/site-packages/ptyprocess/__pycache__/__init__.cpython-38.pyc",
    "lib/python3.8/site-packages/ptyprocess/__pycache__/_fork_pty.cpython-38.pyc",
    "lib/python3.8/site-packages/ptyprocess/__pycache__/ptyprocess.cpython-38.pyc",
    "lib/python3.8/site-packages/ptyprocess/__pycache__/util.cpython-38.pyc"
  ],
  "fn": "ptyprocess-0.7.0-pyhd3eb1b0_2.conda",
  "legacy_bz2_md5": "62f3bb16b31fa9498a41fc4ad2b4f43c",
  "license": "ISC",
  "link": {
    "source": "/root/miniconda3/pkgs/ptyprocess-0.7.0-pyhd3eb1b0_2",
    "type": 1
  },
  "md5": "7441d2827d4bfbcc1fa308875a146246",
  "name": "ptyprocess",
  "noarch": "python",
  "package_tarball_full_path": "/root/miniconda3/pkgs/ptyprocess-0.7.0-pyhd3eb1b0_2.conda",
  "package_type": "noarch_python",
  "paths_data": {
    "paths": [
      {
        "_path": "site-packages/ptyprocess-0.7.0.dist-info/INSTALLER",
        "path_type": "hardlink",
        "sha256": "d0edee15f91b406f3f99726e44eb990be6e34fd0345b52b910c568e0eef6a2a8",
        "sha256_in_prefix": "d0edee15f91b406f3f99726e44eb990be6e34fd0345b52b910c568e0eef6a2a8",
        "size_in_bytes": 5
      },
      {
        "_path": "site-packages/ptyprocess-0.7.0.dist-info/LICENSE",
        "path_type": "hardlink",
        "sha256": "c822d385b1a73329846241799becf18690b5d44764c1bed69300b536a405030a",
        "sha256_in_prefix": "c822d385b1a73329846241799becf18690b5d44764c1bed69300b536a405030a",
        "size_in_bytes": 905
      },
      {
        "_path": "site-packages/ptyprocess-0.7.0.dist-info/METADATA",
        "path_type": "hardlink",
        "sha256": "c3c2b96b5d9a55da5958c34d08c18a0849f56609026cc46d5c95b8b77fcf3e0c",
        "sha256_in_prefix": "c3c2b96b5d9a55da5958c34d08c18a0849f56609026cc46d5c95b8b77fcf3e0c",
        "size_in_bytes": 1312
      },
      {
        "_path": "site-packages/ptyprocess-0.7.0.dist-info/RECORD",
        "path_type": "hardlink",
        "sha256": "2a85bc0eac811a755189a63f8db69772fd76b3bbd8df1ca4a9b8b76d6f4c908e",
        "sha256_in_prefix": "2a85bc0eac811a755189a63f8db69772fd76b3bbd8df1ca4a9b8b76d6f4c908e",
        "size_in_bytes": 1108
      },
      {
        "_path": "site-packages/ptyprocess-0.7.0.dist-info/REQUESTED",
        "path_type": "hardlink",
        "sha256": "e3b0c44298fc1c149afbf4c8996fb92427ae41e4649b934ca495991b7852b855",
        "sha256_in_prefix": "e3b0c44298fc1c149afbf4c8996fb92427ae41e4649b934ca495991b7852b855",
        "size_in_bytes": 0
      },
      {
        "_path": "site-packages/ptyprocess-0.7.0.dist-info/WHEEL",
        "path_type": "hardlink",
        "sha256": "34baa6b31f99159ea00dabd8821da81f465237e2919a971d1172190e7632f4f8",
        "sha256_in_prefix": "34baa6b31f99159ea00dabd8821da81f465237e2919a971d1172190e7632f4f8",
        "size_in_bytes": 99
      },
      {
        "_path": "site-packages/ptyprocess-0.7.0.dist-info/direct_url.json",
        "path_type": "hardlink",
        "sha256": "932a1b568660da04f2bbea8d82cb0659c00000fa82fce94c4807bf5ff77177e1",
        "sha256_in_prefix": "932a1b568660da04f2bbea8d82cb0659c00000fa82fce94c4807bf5ff77177e1",
        "size_in_bytes": 130
      },
      {
        "_path": "site-packages/ptyprocess/__init__.py",
        "path_type": "hardlink",
        "sha256": "b27f96ff59cd453b883a2d9a0841d52f4eb009525c47e2ce65d8295f3c05b935",
        "sha256_in_prefix": "b27f96ff59cd453b883a2d9a0841d52f4eb009525c47e2ce65d8295f3c05b935",
        "size_in_bytes": 138
      },
      {
        "_path": "site-packages/ptyprocess/_fork_pty.py",
        "path_type": "hardlink",
        "sha256": "555bcccbc7386698c332220c4a0f13d414358374817b10e97b2fdcc62d27e5ac",
        "sha256_in_prefix": "555bcccbc7386698c332220c4a0f13d414358374817b10e97b2fdcc62d27e5ac",
        "size_in_bytes": 2362
      },
      {
        "_path": "site-packages/ptyprocess/ptyprocess.py",
        "path_type": "hardlink",
        "sha256": "b24dac536236d98ca5d60537163166a562f7078de8d0aa86ddddc223caf436af",
        "sha256_in_prefix": "b24dac536236d98ca5d60537163166a562f7078de8d0aa86ddddc223caf436af",
        "size_in_bytes": 31686
      },
      {
        "_path": "site-packages/ptyprocess/util.py",
        "path_type": "hardlink",
        "sha256": "ad001d0d165fa0e88e9fabf2916b61d3023a145280a7b689b4149db7e28159d5",
        "sha256_in_prefix": "ad001d0d165fa0e88e9fabf2916b61d3023a145280a7b689b4149db7e28159d5",
        "size_in_bytes": 2785
      },
      {
        "_path": "lib/python3.8/site-packages/ptyprocess/__pycache__/__init__.cpython-38.pyc",
        "path_type": "pyc_file"
      },
      {
        "_path": "lib/python3.8/site-packages/ptyprocess/__pycache__/_fork_pty.cpython-38.pyc",
        "path_type": "pyc_file"
      },
      {
        "_path": "lib/python3.8/site-packages/ptyprocess/__pycache__/ptyprocess.cpython-38.pyc",
        "path_type": "pyc_file"
      },
      {
        "_path": "lib/python3.8/site-packages/ptyprocess/__pycache__/util.cpython-38.pyc",
        "path_type": "pyc_file"
      }
    ],
    "paths_version": 1
  },
  "requested_spec": "None",
  "sha256": "664254ab6de7f14d4077bdaeceda2bf0144fd841e257d07bb70427fadf08c588",
  "size": 17499,
  "subdir": "noarch",
  "timestamp": 1609355038155,
  "track_features": "",
  "url": "https://mirrors.ustc.edu.cn/anaconda/pkgs/main/noarch/ptyprocess-0.7.0-pyhd3eb1b0_2.conda",
  "version": "0.7.0"
}