{
  "build": "py38h06a4308_0",
  "build_number": 0,
  "channel": "https://mirrors.ustc.edu.cn/anaconda/pkgs/main/linux-64",
  "constrains": [],
  "depends": [
    "python >=3.8,<3.9.0a0"
  ],
  "extracted_package_dir": "/root/miniconda3/pkgs/traitlets-5.7.1-py38h06a4308_0",
  "features": "",
  "files": [
    "lib/python3.8/site-packages/traitlets-5.7.1.dist-info/INSTALLER",
    "lib/python3.8/site-packages/traitlets-5.7.1.dist-info/METADATA",
    "lib/python3.8/site-packages/traitlets-5.7.1.dist-info/RECORD",
    "lib/python3.8/site-packages/traitlets-5.7.1.dist-info/REQUESTED",
    "lib/python3.8/site-packages/traitlets-5.7.1.dist-info/WHEEL",
    "lib/python3.8/site-packages/traitlets-5.7.1.dist-info/direct_url.json",
    "lib/python3.8/site-packages/traitlets-5.7.1.dist-info/licenses/COPYING.md",
    "lib/python3.8/site-packages/traitlets/__init__.py",
    "lib/python3.8/site-packages/traitlets/__pycache__/__init__.cpython-38.pyc",
    "lib/python3.8/site-packages/traitlets/__pycache__/_version.cpython-38.pyc",
    "lib/python3.8/site-packages/traitlets/__pycache__/log.cpython-38.pyc",
    "lib/python3.8/site-packages/traitlets/__pycache__/traitlets.cpython-38.pyc",
    "lib/python3.8/site-packages/traitlets/_version.py",
    "lib/python3.8/site-packages/traitlets/config/__init__.py",
    "lib/python3.8/site-packages/traitlets/config/__pycache__/__init__.cpython-38.pyc",
    "lib/python3.8/site-packages/traitlets/config/__pycache__/application.cpython-38.pyc",
    "lib/python3.8/site-packages/traitlets/config/__pycache__/configurable.cpython-38.pyc",
    "lib/python3.8/site-packages/traitlets/config/__pycache__/loader.cpython-38.pyc",
    "lib/python3.8/site-packages/traitlets/config/__pycache__/manager.cpython-38.pyc",
    "lib/python3.8/site-packages/traitlets/config/__pycache__/sphinxdoc.cpython-38.pyc",
    "lib/python3.8/site-packages/traitlets/config/application.py",
    "lib/python3.8/site-packages/traitlets/config/configurable.py",
    "lib/python3.8/site-packages/traitlets/config/loader.py",
    "lib/python3.8/site-packages/traitlets/config/manager.py",
    "lib/python3.8/site-packages/traitlets/config/sphinxdoc.py",
    "lib/python3.8/site-packages/traitlets/config/tests/__init__.py",
    "lib/python3.8/site-packages/traitlets/config/tests/__pycache__/__init__.cpython-38.pyc",
    "lib/python3.8/site-packages/traitlets/config/tests/__pycache__/test_application.cpython-38.pyc",
    "lib/python3.8/site-packages/traitlets/config/tests/__pycache__/test_configurable.cpython-38.pyc",
    "lib/python3.8/site-packages/traitlets/config/tests/__pycache__/test_loader.cpython-38.pyc",
    "lib/python3.8/site-packages/traitlets/config/tests/test_application.py",
    "lib/python3.8/site-packages/traitlets/config/tests/test_configurable.py",
    "lib/python3.8/site-packages/traitlets/config/tests/test_loader.py",
    "lib/python3.8/site-packages/traitlets/log.py",
    "lib/python3.8/site-packages/traitlets/py.typed",
    "lib/python3.8/site-packages/traitlets/tests/__init__.py",
    "lib/python3.8/site-packages/traitlets/tests/__pycache__/__init__.cpython-38.pyc",
    "lib/python3.8/site-packages/traitlets/tests/__pycache__/_warnings.cpython-38.pyc",
    "lib/python3.8/site-packages/traitlets/tests/__pycache__/test_traitlets.cpython-38.pyc",
    "lib/python3.8/site-packages/traitlets/tests/__pycache__/test_traitlets_enum.cpython-38.pyc",
    "lib/python3.8/site-packages/traitlets/tests/__pycache__/utils.cpython-38.pyc",
    "lib/python3.8/site-packages/traitlets/tests/_warnings.py",
    "lib/python3.8/site-packages/traitlets/tests/test_traitlets.py",
    "lib/python3.8/site-packages/traitlets/tests/test_traitlets_enum.py",
    "lib/python3.8/site-packages/traitlets/tests/utils.py",
    "lib/python3.8/site-packages/traitlets/traitlets.py",
    "lib/python3.8/site-packages/traitlets/utils/__init__.py",
    "lib/python3.8/site-packages/traitlets/utils/__pycache__/__init__.cpython-38.pyc",
    "lib/python3.8/site-packages/traitlets/utils/__pycache__/bunch.cpython-38.pyc",
    "lib/python3.8/site-packages/traitlets/utils/__pycache__/decorators.cpython-38.pyc",
    "lib/python3.8/site-packages/traitlets/utils/__pycache__/descriptions.cpython-38.pyc",
    "lib/python3.8/site-packages/traitlets/utils/__pycache__/getargspec.cpython-38.pyc",
    "lib/python3.8/site-packages/traitlets/utils/__pycache__/importstring.cpython-38.pyc",
    "lib/python3.8/site-packages/traitlets/utils/__pycache__/nested_update.cpython-38.pyc",
    "lib/python3.8/site-packages/traitlets/utils/__pycache__/sentinel.cpython-38.pyc",
    "lib/python3.8/site-packages/traitlets/utils/__pycache__/text.cpython-38.pyc",
    "lib/python3.8/site-packages/traitlets/utils/bunch.py",
    "lib/python3.8/site-packages/traitlets/utils/decorators.py",
    "lib/python3.8/site-packages/traitlets/utils/descriptions.py",
    "lib/python3.8/site-packages/traitlets/utils/getargspec.py",
    "lib/python3.8/site-packages/traitlets/utils/importstring.py",
    "lib/python3.8/site-packages/traitlets/utils/nested_update.py",
    "lib/python3.8/site-packages/traitlets/utils/sentinel.py",
    "lib/python3.8/site-packages/traitlets/utils/tests/__init__.py",
    "lib/python3.8/site-packages/traitlets/utils/tests/__pycache__/__init__.cpython-38.pyc",
    "lib/python3.8/site-packages/traitlets/utils/tests/__pycache__/test_bunch.cpython-38.pyc",
    "lib/python3.8/site-packages/traitlets/utils/tests/__pycache__/test_decorators.cpython-38.pyc",
    "lib/python3.8/site-packages/traitlets/utils/tests/__pycache__/test_importstring.cpython-38.pyc",
    "lib/python3.8/site-packages/traitlets/utils/tests/test_bunch.py",
    "lib/python3.8/site-packages/traitlets/utils/tests/test_decorators.py",
    "lib/python3.8/site-packages/traitlets/utils/tests/test_importstring.py",
    "lib/python3.8/site-packages/traitlets/utils/text.py"
  ],
  "fn": "traitlets-5.7.1-py38h06a4308_0.conda",
  "legacy_bz2_md5": "329270e6ef807c97c1141afdb85113fe",
  "license": "BSD-3-Clause",
  "license_family": "BSD",
  "link": {
    "source": "/root/miniconda3/pkgs/traitlets-5.7.1-py38h06a4308_0",
    "type": 1
  },
  "md5": "94212f72060fa5387300bb8598ff3049",
  "name": "traitlets",
  "package_tarball_full_path": "/root/miniconda3/pkgs/traitlets-5.7.1-py38h06a4308_0.conda",
  "paths_data": {
    "paths": [
      {
        "_path": "lib/python3.8/site-packages/traitlets-5.7.1.dist-info/INSTALLER",
        "path_type": "hardlink",
        "sha256": "d0edee15f91b406f3f99726e44eb990be6e34fd0345b52b910c568e0eef6a2a8",
        "sha256_in_prefix": "d0edee15f91b406f3f99726e44eb990be6e34fd0345b52b910c568e0eef6a2a8",
        "size_in_bytes": 5
      },
      {
        "_path": "lib/python3.8/site-packages/traitlets-5.7.1.dist-info/METADATA",
        "path_type": "hardlink",
        "sha256": "2c9a1827949e14228a339b020fdcc77f7be6a18c83bd3769a80eac59879d5207",
        "sha256_in_prefix": "2c9a1827949e14228a339b020fdcc77f7be6a18c83bd3769a80eac59879d5207",
        "size_in_bytes": 11015
      },
      {
        "_path": "lib/python3.8/site-packages/traitlets-5.7.1.dist-info/RECORD",
        "path_type": "hardlink",
        "sha256": "eb40ae9528785b9717483acbb5c72263c01d53126e084b06b27f8ab847942e65",
        "sha256_in_prefix": "eb40ae9528785b9717483acbb5c72263c01d53126e084b06b27f8ab847942e65",
        "size_in_bytes": 5337
      },
      {
        "_path": "lib/python3.8/site-packages/traitlets-5.7.1.dist-info/REQUESTED",
        "path_type": "hardlink",
        "sha256": "e3b0c44298fc1c149afbf4c8996fb92427ae41e4649b934ca495991b7852b855",
        "sha256_in_prefix": "e3b0c44298fc1c149afbf4c8996fb92427ae41e4649b934ca495991b7852b855",
        "size_in_bytes": 0
      },
      {
        "_path": "lib/python3.8/site-packages/traitlets-5.7.1.dist-info/WHEEL",
        "path_type": "hardlink",
        "sha256": "dc34a64b2604d520c444edbeac8dea51b315a2f06cefefa081cee6b9b39e9ac7",
        "sha256_in_prefix": "dc34a64b2604d520c444edbeac8dea51b315a2f06cefefa081cee6b9b39e9ac7",
        "size_in_bytes": 86
      },
      {
        "_path": "lib/python3.8/site-packages/traitlets-5.7.1.dist-info/direct_url.json",
        "path_type": "hardlink",
        "sha256": "2b180da89c29b3085af687c248708c0fa08bb3b21aa3e64226edbf22aec8721c",
        "sha256_in_prefix": "2b180da89c29b3085af687c248708c0fa08bb3b21aa3e64226edbf22aec8721c",
        "size_in_bytes": 69
      },
      {
        "_path": "lib/python3.8/site-packages/traitlets-5.7.1.dist-info/licenses/COPYING.md",
        "path_type": "hardlink",
        "sha256": "3dcd47086529bf178cf7d10f35a8c188a1e9710391acecceef700898a4cf099b",
        "sha256_in_prefix": "3dcd47086529bf178cf7d10f35a8c188a1e9710391acecceef700898a4cf099b",
        "size_in_bytes": 2954
      },
      {
        "_path": "lib/python3.8/site-packages/traitlets/__init__.py",
        "path_type": "hardlink",
        "sha256": "9de1906ecf76fbee938faad502fc3f71a100a3593f84669fa269f69f827a58a4",
        "sha256_in_prefix": "9de1906ecf76fbee938faad502fc3f71a100a3593f84669fa269f69f827a58a4",
        "size_in_bytes": 698
      },
      {
        "_path": "lib/python3.8/site-packages/traitlets/__pycache__/__init__.cpython-38.pyc",
        "path_type": "hardlink",
        "sha256": "379f8224bdb47c6d40a825c4cce104a8bf4b8d891d3648e3566ad3b7a8197ddf",
        "sha256_in_prefix": "379f8224bdb47c6d40a825c4cce104a8bf4b8d891d3648e3566ad3b7a8197ddf",
        "size_in_bytes": 1074
      },
      {
        "_path": "lib/python3.8/site-packages/traitlets/__pycache__/_version.cpython-38.pyc",
        "path_type": "hardlink",
        "sha256": "ff9937b8bcb6bf001e7b3b4457bfa1dfdf50f93bb999100648da5d0c9ec1200c",
        "sha256_in_prefix": "ff9937b8bcb6bf001e7b3b4457bfa1dfdf50f93bb999100648da5d0c9ec1200c",
        "size_in_bytes": 692
      },
      {
        "_path": "lib/python3.8/site-packages/traitlets/__pycache__/log.cpython-38.pyc",
        "path_type": "hardlink",
        "sha256": "aee9e91075586e481d75bc5d1b2c693379d47a2d3db8a452bc437e2f95b60e0d",
        "sha256_in_prefix": "aee9e91075586e481d75bc5d1b2c693379d47a2d3db8a452bc437e2f95b60e0d",
        "size_in_bytes": 653
      },
      {
        "_path": "lib/python3.8/site-packages/traitlets/__pycache__/traitlets.cpython-38.pyc",
        "path_type": "hardlink",
        "sha256": "0bd4030154619d27614f7b252ac08bb366b9c031b6e84236b1ab7416eb31b790",
        "sha256_in_prefix": "0bd4030154619d27614f7b252ac08bb366b9c031b6e84236b1ab7416eb31b790",
        "size_in_bytes": 106361
      },
      {
        "_path": "lib/python3.8/site-packages/traitlets/_version.py",
        "path_type": "hardlink",
        "sha256": "88a16f7198f0392bbdf66d23dda9f309aa5eb39e11842b21d1868fa37cd239b0",
        "sha256_in_prefix": "88a16f7198f0392bbdf66d23dda9f309aa5eb39e11842b21d1868fa37cd239b0",
        "size_in_bytes": 520
      },
      {
        "_path": "lib/python3.8/site-packages/traitlets/config/__init__.py",
        "path_type": "hardlink",
        "sha256": "c61d71d00d83498e9f948711ca57100edf4e7dd59fd5c9b7256bc95ce70e4c51",
        "sha256_in_prefix": "c61d71d00d83498e9f948711ca57100edf4e7dd59fd5c9b7256bc95ce70e4c51",
        "size_in_bytes": 184
      },
      {
        "_path": "lib/python3.8/site-packages/traitlets/config/__pycache__/__init__.cpython-38.pyc",
        "path_type": "hardlink",
        "sha256": "bc34a857264545a812c2d900f6b9b0b1f40f4d0a0532d69dd1224e4db8b4bbdc",
        "sha256_in_prefix": "bc34a857264545a812c2d900f6b9b0b1f40f4d0a0532d69dd1224e4db8b4bbdc",
        "size_in_bytes": 236
      },
      {
        "_path": "lib/python3.8/site-packages/traitlets/config/__pycache__/application.cpython-38.pyc",
        "path_type": "hardlink",
        "sha256": "9aee6675390ce8647800c03d0d9ae5a473c7ea8e09496657e15aed826c0d2c3f",
        "sha256_in_prefix": "9aee6675390ce8647800c03d0d9ae5a473c7ea8e09496657e15aed826c0d2c3f",
        "size_in_bytes": 29701
      },
      {
        "_path": "lib/python3.8/site-packages/traitlets/config/__pycache__/configurable.cpython-38.pyc",
        "path_type": "hardlink",
        "sha256": "e6b3852ae8a9205ecd3baf80bacd3306039c84326db81a873f4ec5a58e9407cb",
        "sha256_in_prefix": "e6b3852ae8a9205ecd3baf80bacd3306039c84326db81a873f4ec5a58e9407cb",
        "size_in_bytes": 15652
      },
      {
        "_path": "lib/python3.8/site-packages/traitlets/config/__pycache__/loader.cpython-38.pyc",
        "path_type": "hardlink",
        "sha256": "c9189b811381c0e9c656b4e3ac856447b29c959793dbc3aab2baf1e3e201cfb1",
        "sha256_in_prefix": "c9189b811381c0e9c656b4e3ac856447b29c959793dbc3aab2baf1e3e201cfb1",
        "size_in_bytes": 33487
      },
      {
        "_path": "lib/python3.8/site-packages/traitlets/config/__pycache__/manager.cpython-38.pyc",
        "path_type": "hardlink",
        "sha256": "3e602542b9450cb7d6691aa547907bd7f58e593409a7c5af8fea4ff3cd7da55a",
        "sha256_in_prefix": "3e602542b9450cb7d6691aa547907bd7f58e593409a7c5af8fea4ff3cd7da55a",
        "size_in_bytes": 2597
      },
      {
        "_path": "lib/python3.8/site-packages/traitlets/config/__pycache__/sphinxdoc.cpython-38.pyc",
        "path_type": "hardlink",
        "sha256": "cf214308d37877c699b736633ae5da8d4e5c26cd5d6a8644ad5f55e90bf5a5ef",
        "sha256_in_prefix": "cf214308d37877c699b736633ae5da8d4e5c26cd5d6a8644ad5f55e90bf5a5ef",
        "size_in_bytes": 4510
      },
      {
        "_path": "lib/python3.8/site-packages/traitlets/config/application.py",
        "path_type": "hardlink",
        "sha256": "ea4a3f895c1c67e3620823f7a0e77679044adc375828047c65220bb90037afc4",
        "sha256_in_prefix": "ea4a3f895c1c67e3620823f7a0e77679044adc375828047c65220bb90037afc4",
        "size_in_bytes": 38307
      },
      {
        "_path": "lib/python3.8/site-packages/traitlets/config/configurable.py",
        "path_type": "hardlink",
        "sha256": "af3c987608182668aa7340194eecbbf3a4c2cc90d504c7a0c5d8a7333d32101e",
        "sha256_in_prefix": "af3c987608182668aa7340194eecbbf3a4c2cc90d504c7a0c5d8a7333d32101e",
        "size_in_bytes": 21000
      },
      {
        "_path": "lib/python3.8/site-packages/traitlets/config/loader.py",
        "path_type": "hardlink",
        "sha256": "767b5b677853b7cdc0087fe410f95fc505722f1e60260049a54aaa59b763f429",
        "sha256_in_prefix": "767b5b677853b7cdc0087fe410f95fc505722f1e60260049a54aaa59b763f429",
        "size_in_bytes": 36323
      },
      {
        "_path": "lib/python3.8/site-packages/traitlets/config/manager.py",
        "path_type": "hardlink",
        "sha256": "c7f4e8257c26ba318f0bdc7d521d6f470d664dd9141fbea9598962d91b74e9eb",
        "sha256_in_prefix": "c7f4e8257c26ba318f0bdc7d521d6f470d664dd9141fbea9598962d91b74e9eb",
        "size_in_bytes": 2313
      },
      {
        "_path": "lib/python3.8/site-packages/traitlets/config/sphinxdoc.py",
        "path_type": "hardlink",
        "sha256": "56496724da7238138ed04b02aa5dfd17e03f3830063abcc620bc2f92b5436833",
        "sha256_in_prefix": "56496724da7238138ed04b02aa5dfd17e03f3830063abcc620bc2f92b5436833",
        "size_in_bytes": 4930
      },
      {
        "_path": "lib/python3.8/site-packages/traitlets/config/tests/__init__.py",
        "path_type": "hardlink",
        "sha256": "e3b0c44298fc1c149afbf4c8996fb92427ae41e4649b934ca495991b7852b855",
        "sha256_in_prefix": "e3b0c44298fc1c149afbf4c8996fb92427ae41e4649b934ca495991b7852b855",
        "size_in_bytes": 0
      },
      {
        "_path": "lib/python3.8/site-packages/traitlets/config/tests/__pycache__/__init__.cpython-38.pyc",
        "path_type": "hardlink",
        "sha256": "c28b98fcaacb0a3c44b5d1e278aa5a0f1242bc9f6246fa95d35a2ac4b28e95ad",
        "sha256_in_prefix": "c28b98fcaacb0a3c44b5d1e278aa5a0f1242bc9f6246fa95d35a2ac4b28e95ad",
        "size_in_bytes": 153
      },
      {
        "_path": "lib/python3.8/site-packages/traitlets/config/tests/__pycache__/test_application.cpython-38.pyc",
        "path_type": "hardlink",
        "sha256": "bca9bf564a83853331f7d043fe188c37f4adbad0e7143cd3a81d10569883328d",
        "sha256_in_prefix": "bca9bf564a83853331f7d043fe188c37f4adbad0e7143cd3a81d10569883328d",
        "size_in_bytes": 28393
      },
      {
        "_path": "lib/python3.8/site-packages/traitlets/config/tests/__pycache__/test_configurable.cpython-38.pyc",
        "path_type": "hardlink",
        "sha256": "add4ec7372de521bcf933eb84470c45e005518d18f6144a4d7550294e8321eef",
        "sha256_in_prefix": "add4ec7372de521bcf933eb84470c45e005518d18f6144a4d7550294e8321eef",
        "size_in_bytes": 22221
      },
      {
        "_path": "lib/python3.8/site-packages/traitlets/config/tests/__pycache__/test_loader.cpython-38.pyc",
        "path_type": "hardlink",
        "sha256": "2de7b484524bd888757e79d8bb831f1881f93ec075f9644fddf74fb1160b962f",
        "sha256_in_prefix": "2de7b484524bd888757e79d8bb831f1881f93ec075f9644fddf74fb1160b962f",
        "size_in_bytes": 24067
      },
      {
        "_path": "lib/python3.8/site-packages/traitlets/config/tests/test_application.py",
        "path_type": "hardlink",
        "sha256": "a7556b2658288aa0d47b63edced64252d97bd788398085a2ef7a38f5b0a75477",
        "sha256_in_prefix": "a7556b2658288aa0d47b63edced64252d97bd788398085a2ef7a38f5b0a75477",
        "size_in_bytes": 30674
      },
      {
        "_path": "lib/python3.8/site-packages/traitlets/config/tests/test_configurable.py",
        "path_type": "hardlink",
        "sha256": "a529a5ec0c4a721423791214b4b86f20fb62becbff11027cdcb7ab3dc7737ed9",
        "sha256_in_prefix": "a529a5ec0c4a721423791214b4b86f20fb62becbff11027cdcb7ab3dc7737ed9",
        "size_in_bytes": 22464
      },
      {
        "_path": "lib/python3.8/site-packages/traitlets/config/tests/test_loader.py",
        "path_type": "hardlink",
        "sha256": "f4c4362e7428b4b41895c785324bbb4b19fa44555cad4fbb3f7a2e1c2ced961a",
        "sha256_in_prefix": "f4c4362e7428b4b41895c785324bbb4b19fa44555cad4fbb3f7a2e1c2ced961a",
        "size_in_bytes": 22748
      },
      {
        "_path": "lib/python3.8/site-packages/traitlets/log.py",
        "path_type": "hardlink",
        "sha256": "d6bb669103af81794106c1ee1c7d01c103112bd25d8c3dc07ae4ec31bbba53e2",
        "sha256_in_prefix": "d6bb669103af81794106c1ee1c7d01c103112bd25d8c3dc07ae4ec31bbba53e2",
        "size_in_bytes": 781
      },
      {
        "_path": "lib/python3.8/site-packages/traitlets/py.typed",
        "path_type": "hardlink",
        "sha256": "e3b0c44298fc1c149afbf4c8996fb92427ae41e4649b934ca495991b7852b855",
        "sha256_in_prefix": "e3b0c44298fc1c149afbf4c8996fb92427ae41e4649b934ca495991b7852b855",
        "size_in_bytes": 0
      },
      {
        "_path": "lib/python3.8/site-packages/traitlets/tests/__init__.py",
        "path_type": "hardlink",
        "sha256": "e3b0c44298fc1c149afbf4c8996fb92427ae41e4649b934ca495991b7852b855",
        "sha256_in_prefix": "e3b0c44298fc1c149afbf4c8996fb92427ae41e4649b934ca495991b7852b855",
        "size_in_bytes": 0
      },
      {
        "_path": "lib/python3.8/site-packages/traitlets/tests/__pycache__/__init__.cpython-38.pyc",
        "path_type": "hardlink",
        "sha256": "0d7b3c287503550a4b5b4727791fc0080e3110e95e8311e5d024ce1dbf385c3e",
        "sha256_in_prefix": "0d7b3c287503550a4b5b4727791fc0080e3110e95e8311e5d024ce1dbf385c3e",
        "size_in_bytes": 146
      },
      {
        "_path": "lib/python3.8/site-packages/traitlets/tests/__pycache__/_warnings.cpython-38.pyc",
        "path_type": "hardlink",
        "sha256": "a8637bdab9954f89bf2e6a2fd94a74456e6f9044771512ad7567ae32bc3eff1b",
        "sha256_in_prefix": "a8637bdab9954f89bf2e6a2fd94a74456e6f9044771512ad7567ae32bc3eff1b",
        "size_in_bytes": 3555
      },
      {
        "_path": "lib/python3.8/site-packages/traitlets/tests/__pycache__/test_traitlets.cpython-38.pyc",
        "path_type": "hardlink",
        "sha256": "7d36d60ca1cea175e6df91f6a83d2e88acc8998e0b3126e17c5bace22cad58cd",
        "sha256_in_prefix": "7d36d60ca1cea175e6df91f6a83d2e88acc8998e0b3126e17c5bace22cad58cd",
        "size_in_bytes": 111469
      },
      {
        "_path": "lib/python3.8/site-packages/traitlets/tests/__pycache__/test_traitlets_enum.cpython-38.pyc",
        "path_type": "hardlink",
        "sha256": "e34092cf74a696f661cb698bebd33164c9ff2e04a23107ea4b6d5ecd60ae3277",
        "sha256_in_prefix": "e34092cf74a696f661cb698bebd33164c9ff2e04a23107ea4b6d5ecd60ae3277",
        "size_in_bytes": 13390
      },
      {
        "_path": "lib/python3.8/site-packages/traitlets/tests/__pycache__/utils.cpython-38.pyc",
        "path_type": "hardlink",
        "sha256": "803e3e247bbb92403ac9b6278ee8ad6d0af52d79a700cc25481667b4d89cbbf0",
        "sha256_in_prefix": "803e3e247bbb92403ac9b6278ee8ad6d0af52d79a700cc25481667b4d89cbbf0",
        "size_in_bytes": 1286
      },
      {
        "_path": "lib/python3.8/site-packages/traitlets/tests/_warnings.py",
        "path_type": "hardlink",
        "sha256": "98b8dde9c3de47c453617f8b041c745642d5bc05982716fa304dd3e19501b963",
        "sha256_in_prefix": "98b8dde9c3de47c453617f8b041c745642d5bc05982716fa304dd3e19501b963",
        "size_in_bytes": 4190
      },
      {
        "_path": "lib/python3.8/site-packages/traitlets/tests/test_traitlets.py",
        "path_type": "hardlink",
        "sha256": "aa2ec6a151f02047a3e714ad325ddcb247d729812828f88ea2fca7b8f805956c",
        "sha256_in_prefix": "aa2ec6a151f02047a3e714ad325ddcb247d729812828f88ea2fca7b8f805956c",
        "size_in_bytes": 80059
      },
      {
        "_path": "lib/python3.8/site-packages/traitlets/tests/test_traitlets_enum.py",
        "path_type": "hardlink",
        "sha256": "f9b4425c4e1a71375d3f56d6bb27b29d595b722ef7f991e9109a39bd59993a53",
        "sha256_in_prefix": "f9b4425c4e1a71375d3f56d6bb27b29d595b722ef7f991e9109a39bd59993a53",
        "size_in_bytes": 13537
      },
      {
        "_path": "lib/python3.8/site-packages/traitlets/tests/utils.py",
        "path_type": "hardlink",
        "sha256": "78af03db6282166b17c93a12b401bd757513127c195fe5800e72ab6fb9059c75",
        "sha256_in_prefix": "78af03db6282166b17c93a12b401bd757513127c195fe5800e72ab6fb9059c75",
        "size_in_bytes": 1171
      },
      {
        "_path": "lib/python3.8/site-packages/traitlets/traitlets.py",
        "path_type": "hardlink",
        "sha256": "35184dd28b8c4306a09fa9f0897ac53060991636d4da66478311fc00d32c66a1",
        "sha256_in_prefix": "35184dd28b8c4306a09fa9f0897ac53060991636d4da66478311fc00d32c66a1",
        "size_in_bytes": 126399
      },
      {
        "_path": "lib/python3.8/site-packages/traitlets/utils/__init__.py",
        "path_type": "hardlink",
        "sha256": "dd2c0f445b0f790c206f213de4f4fb1db37097b7105501f4bda8751c41ae7964",
        "sha256_in_prefix": "dd2c0f445b0f790c206f213de4f4fb1db37097b7105501f4bda8751c41ae7964",
        "size_in_bytes": 2905
      },
      {
        "_path": "lib/python3.8/site-packages/traitlets/utils/__pycache__/__init__.cpython-38.pyc",
        "path_type": "hardlink",
        "sha256": "18ffcf508862727065b650c5896c2a610dc4f06a6cf057f9cc8908c6e7ea9061",
        "sha256_in_prefix": "18ffcf508862727065b650c5896c2a610dc4f06a6cf057f9cc8908c6e7ea9061",
        "size_in_bytes": 2496
      },
      {
        "_path": "lib/python3.8/site-packages/traitlets/utils/__pycache__/bunch.cpython-38.pyc",
        "path_type": "hardlink",
        "sha256": "cfb98a0a2a59a9e17b87bff26504aa53c802df99e21392d185865fe4006003e3",
        "sha256_in_prefix": "cfb98a0a2a59a9e17b87bff26504aa53c802df99e21392d185865fe4006003e3",
        "size_in_bytes": 982
      },
      {
        "_path": "lib/python3.8/site-packages/traitlets/utils/__pycache__/decorators.cpython-38.pyc",
        "path_type": "hardlink",
        "sha256": "f1cda40aa8a9044e0306de409f08ed3e1af33beef109178dcf17015a5a0236a0",
        "sha256_in_prefix": "f1cda40aa8a9044e0306de409f08ed3e1af33beef109178dcf17015a5a0236a0",
        "size_in_bytes": 2131
      },
      {
        "_path": "lib/python3.8/site-packages/traitlets/utils/__pycache__/descriptions.cpython-38.pyc",
        "path_type": "hardlink",
        "sha256": "676e317614ef0da5c6726512bf91bf13897c3ba6ad8dc31e33ccaef35bbf84e6",
        "sha256_in_prefix": "676e317614ef0da5c6726512bf91bf13897c3ba6ad8dc31e33ccaef35bbf84e6",
        "size_in_bytes": 4550
      },
      {
        "_path": "lib/python3.8/site-packages/traitlets/utils/__pycache__/getargspec.cpython-38.pyc",
        "path_type": "hardlink",
        "sha256": "685dc68f76001e3c730f5687384500b908e654e58dc9dffc925a3219627b553d",
        "sha256_in_prefix": "685dc68f76001e3c730f5687384500b908e654e58dc9dffc925a3219627b553d",
        "size_in_bytes": 1364
      },
      {
        "_path": "lib/python3.8/site-packages/traitlets/utils/__pycache__/importstring.cpython-38.pyc",
        "path_type": "hardlink",
        "sha256": "b22e336326e81999f4a475f4b97bb7fdc402ab34770e43419ea6feb278aec613",
        "sha256_in_prefix": "b22e336326e81999f4a475f4b97bb7fdc402ab34770e43419ea6feb278aec613",
        "size_in_bytes": 1122
      },
      {
        "_path": "lib/python3.8/site-packages/traitlets/utils/__pycache__/nested_update.cpython-38.pyc",
        "path_type": "hardlink",
        "sha256": "f6c38f258c18517032148234a0d73cc9270ebc4bd7d9f2187dcece19e442080d",
        "sha256_in_prefix": "f6c38f258c18517032148234a0d73cc9270ebc4bd7d9f2187dcece19e442080d",
        "size_in_bytes": 946
      },
      {
        "_path": "lib/python3.8/site-packages/traitlets/utils/__pycache__/sentinel.cpython-38.pyc",
        "path_type": "hardlink",
        "sha256": "ff5187a6ce2374364fb85596aa356d49bb7fc6e1d9d7c4bc2a48d29c8792490e",
        "sha256_in_prefix": "ff5187a6ce2374364fb85596aa356d49bb7fc6e1d9d7c4bc2a48d29c8792490e",
        "size_in_bytes": 951
      },
      {
        "_path": "lib/python3.8/site-packages/traitlets/utils/__pycache__/text.cpython-38.pyc",
        "path_type": "hardlink",
        "sha256": "76fe126cc2a5781aaecc5c99dd41bbcc68c3d0dff0838499dc11d5be0c73a3e4",
        "sha256_in_prefix": "76fe126cc2a5781aaecc5c99dd41bbcc68c3d0dff0838499dc11d5be0c73a3e4",
        "size_in_bytes": 1172
      },
      {
        "_path": "lib/python3.8/site-packages/traitlets/utils/bunch.py",
        "path_type": "hardlink",
        "sha256": "14660cdf87dcc47c5750893ded0ddaf9f2b9f0d0af05194e89e47ae40214a627",
        "sha256_in_prefix": "14660cdf87dcc47c5750893ded0ddaf9f2b9f0d0af05194e89e47ae40214a627",
        "size_in_bytes": 682
      },
      {
        "_path": "lib/python3.8/site-packages/traitlets/utils/decorators.py",
        "path_type": "hardlink",
        "sha256": "219f313a981d1af52403836db94da3c7182433b1576467dad0dabbf5d24088f3",
        "sha256_in_prefix": "219f313a981d1af52403836db94da3c7182433b1576467dad0dabbf5d24088f3",
        "size_in_bytes": 3070
      },
      {
        "_path": "lib/python3.8/site-packages/traitlets/utils/descriptions.py",
        "path_type": "hardlink",
        "sha256": "de362679233aae405077f14786ca4156228cf7361960ef553081d033be5ed4ef",
        "sha256_in_prefix": "de362679233aae405077f14786ca4156228cf7361960ef553081d033be5ed4ef",
        "size_in_bytes": 5382
      },
      {
        "_path": "lib/python3.8/site-packages/traitlets/utils/getargspec.py",
        "path_type": "hardlink",
        "sha256": "f7dcde7a4205a1c3eded5bfd2601757b220411a2c10265fc722996cafd424fe4",
        "sha256_in_prefix": "f7dcde7a4205a1c3eded5bfd2601757b220411a2c10265fc722996cafd424fe4",
        "size_in_bytes": 1558
      },
      {
        "_path": "lib/python3.8/site-packages/traitlets/utils/importstring.py",
        "path_type": "hardlink",
        "sha256": "43f44351530075474c762b19600d950a2f36a40c4dfdd8263527dcc13351e9d8",
        "sha256_in_prefix": "43f44351530075474c762b19600d950a2f36a40c4dfdd8263527dcc13351e9d8",
        "size_in_bytes": 1139
      },
      {
        "_path": "lib/python3.8/site-packages/traitlets/utils/nested_update.py",
        "path_type": "hardlink",
        "sha256": "0eaf9cb46317b95f04bb1bd427f0e82dfea0d685d696ef5afc477cf4690a7cb2",
        "sha256_in_prefix": "0eaf9cb46317b95f04bb1bd427f0e82dfea0d685d696ef5afc477cf4690a7cb2",
        "size_in_bytes": 999
      },
      {
        "_path": "lib/python3.8/site-packages/traitlets/utils/sentinel.py",
        "path_type": "hardlink",
        "sha256": "16854913a5dee6dea83ef8e005eb5c301decfdef40a5599627b120698c580dc4",
        "sha256_in_prefix": "16854913a5dee6dea83ef8e005eb5c301decfdef40a5599627b120698c580dc4",
        "size_in_bytes": 515
      },
      {
        "_path": "lib/python3.8/site-packages/traitlets/utils/tests/__init__.py",
        "path_type": "hardlink",
        "sha256": "e3b0c44298fc1c149afbf4c8996fb92427ae41e4649b934ca495991b7852b855",
        "sha256_in_prefix": "e3b0c44298fc1c149afbf4c8996fb92427ae41e4649b934ca495991b7852b855",
        "size_in_bytes": 0
      },
      {
        "_path": "lib/python3.8/site-packages/traitlets/utils/tests/__pycache__/__init__.cpython-38.pyc",
        "path_type": "hardlink",
        "sha256": "e3a96fcd1f9cc7cc59020a4ec444516c5802ac5c4f2ab1c57bac9f907835573c",
        "sha256_in_prefix": "e3a96fcd1f9cc7cc59020a4ec444516c5802ac5c4f2ab1c57bac9f907835573c",
        "size_in_bytes": 152
      },
      {
        "_path": "lib/python3.8/site-packages/traitlets/utils/tests/__pycache__/test_bunch.cpython-38.pyc",
        "path_type": "hardlink",
        "sha256": "ea17a3b6730527166c6bdbce3b19a06b16a922b07fcdaa063351141df6a05e22",
        "sha256_in_prefix": "ea17a3b6730527166c6bdbce3b19a06b16a922b07fcdaa063351141df6a05e22",
        "size_in_bytes": 634
      },
      {
        "_path": "lib/python3.8/site-packages/traitlets/utils/tests/__pycache__/test_decorators.cpython-38.pyc",
        "path_type": "hardlink",
        "sha256": "8b782d0fbcb7f9ea03213dfb9b41275321a487de53440a0e6a31a5b977911ca1",
        "sha256_in_prefix": "8b782d0fbcb7f9ea03213dfb9b41275321a487de53440a0e6a31a5b977911ca1",
        "size_in_bytes": 4937
      },
      {
        "_path": "lib/python3.8/site-packages/traitlets/utils/tests/__pycache__/test_importstring.cpython-38.pyc",
        "path_type": "hardlink",
        "sha256": "2e7625014b675d0b3ad7e086cfba82ad7878dade010702ba2511f5d31941005d",
        "sha256_in_prefix": "2e7625014b675d0b3ad7e086cfba82ad7878dade010702ba2511f5d31941005d",
        "size_in_bytes": 1191
      },
      {
        "_path": "lib/python3.8/site-packages/traitlets/utils/tests/test_bunch.py",
        "path_type": "hardlink",
        "sha256": "59d4f423c1428c544482e5e44b765d3c750c989719ee70ac11db741fc3540658",
        "sha256_in_prefix": "59d4f423c1428c544482e5e44b765d3c750c989719ee70ac11db741fc3540658",
        "size_in_bytes": 274
      },
      {
        "_path": "lib/python3.8/site-packages/traitlets/utils/tests/test_decorators.py",
        "path_type": "hardlink",
        "sha256": "42e30058795056e3ff3b46b3389b7e3c1d45647497a4afdc7c6ca0886a9fb7c8",
        "sha256_in_prefix": "42e30058795056e3ff3b46b3389b7e3c1d45647497a4afdc7c6ca0886a9fb7c8",
        "size_in_bytes": 4748
      },
      {
        "_path": "lib/python3.8/site-packages/traitlets/utils/tests/test_importstring.py",
        "path_type": "hardlink",
        "sha256": "a86c0efe80804af90f5e3012ea515238b98d7ff07a6a8c7a731b263f93df7d8a",
        "sha256_in_prefix": "a86c0efe80804af90f5e3012ea515238b98d7ff07a6a8c7a731b263f93df7d8a",
        "size_in_bytes": 814
      },
      {
        "_path": "lib/python3.8/site-packages/traitlets/utils/text.py",
        "path_type": "hardlink",
        "sha256": "ab4aa14c3d499d41f5c5930d56d69fd453de2bd55fde554e854ca6b0cc7714fd",
        "sha256_in_prefix": "ab4aa14c3d499d41f5c5930d56d69fd453de2bd55fde554e854ca6b0cc7714fd",
        "size_in_bytes": 1106
      }
    ],
    "paths_version": 1
  },
  "requested_spec": "None",
  "sha256": "634ba2b85f42d2e69ec01f315a46740abe5078bc70257d01c37a78fbedc46f07",
  "size": 205187,
  "subdir": "linux-64",
  "timestamp": 1671143939929,
  "track_features": "",
  "url": "https://mirrors.ustc.edu.cn/anaconda/pkgs/main/linux-64/traitlets-5.7.1-py38h06a4308_0.conda",
  "version": "5.7.1"
}