{
  "build": "pyhd3eb1b0_0",
  "build_number": 0,
  "channel": "https://mirrors.ustc.edu.cn/anaconda/pkgs/main/noarch",
  "constrains": [],
  "depends": [
    "python"
  ],
  "extracted_package_dir": "/root/miniconda3/pkgs/wcwidth-0.2.5-pyhd3eb1b0_0",
  "features": "",
  "files": [
    "lib/python3.8/site-packages/wcwidth-0.2.5.dist-info/INSTALLER",
    "lib/python3.8/site-packages/wcwidth-0.2.5.dist-info/LICENSE",
    "lib/python3.8/site-packages/wcwidth-0.2.5.dist-info/METADATA",
    "lib/python3.8/site-packages/wcwidth-0.2.5.dist-info/RECORD",
    "lib/python3.8/site-packages/wcwidth-0.2.5.dist-info/REQUESTED",
    "lib/python3.8/site-packages/wcwidth-0.2.5.dist-info/WHEEL",
    "lib/python3.8/site-packages/wcwidth-0.2.5.dist-info/direct_url.json",
    "lib/python3.8/site-packages/wcwidth-0.2.5.dist-info/top_level.txt",
    "lib/python3.8/site-packages/wcwidth-0.2.5.dist-info/zip-safe",
    "lib/python3.8/site-packages/wcwidth/__init__.py",
    "lib/python3.8/site-packages/wcwidth/table_wide.py",
    "lib/python3.8/site-packages/wcwidth/table_zero.py",
    "lib/python3.8/site-packages/wcwidth/unicode_versions.py",
    "lib/python3.8/site-packages/wcwidth/wcwidth.py",
    "lib/python3.8/site-packages/wcwidth/__pycache__/__init__.cpython-38.pyc",
    "lib/python3.8/site-packages/wcwidth/__pycache__/table_wide.cpython-38.pyc",
    "lib/python3.8/site-packages/wcwidth/__pycache__/table_zero.cpython-38.pyc",
    "lib/python3.8/site-packages/wcwidth/__pycache__/unicode_versions.cpython-38.pyc",
    "lib/python3.8/site-packages/wcwidth/__pycache__/wcwidth.cpython-38.pyc"
  ],
  "fn": "wcwidth-0.2.5-pyhd3eb1b0_0.conda",
  "legacy_bz2_md5": "98982290b7b7eff532ec6dead415172b",
  "license": "MIT",
  "link": {
    "source": "/root/miniconda3/pkgs/wcwidth-0.2.5-pyhd3eb1b0_0",
    "type": 1
  },
  "md5": "ffa649340272c3f6466ba01da254c3b0",
  "name": "wcwidth",
  "noarch": "python",
  "package_tarball_full_path": "/root/miniconda3/pkgs/wcwidth-0.2.5-pyhd3eb1b0_0.conda",
  "package_type": "noarch_python",
  "paths_data": {
    "paths": [
      {
        "_path": "site-packages/wcwidth-0.2.5.dist-info/INSTALLER",
        "path_type": "hardlink",
        "sha256": "d0edee15f91b406f3f99726e44eb990be6e34fd0345b52b910c568e0eef6a2a8",
        "sha256_in_prefix": "d0edee15f91b406f3f99726e44eb990be6e34fd0345b52b910c568e0eef6a2a8",
        "size_in_bytes": 5
      },
      {
        "_path": "site-packages/wcwidth-0.2.5.dist-info/LICENSE",
        "path_type": "hardlink",
        "sha256": "70b98a95a2144eb70af8017fa8c6d95ce247e40867436e8bc649e137fe13d21a",
        "sha256_in_prefix": "70b98a95a2144eb70af8017fa8c6d95ce247e40867436e8bc649e137fe13d21a",
        "size_in_bytes": 1322
      },
      {
        "_path": "site-packages/wcwidth-0.2.5.dist-info/METADATA",
        "path_type": "hardlink",
        "sha256": "2ba415c4de84abbb4cc1461e09e12001c83456316a4ebad43ce64bddf96611ca",
        "sha256_in_prefix": "2ba415c4de84abbb4cc1461e09e12001c83456316a4ebad43ce64bddf96611ca",
        "size_in_bytes": 11257
      },
      {
        "_path": "site-packages/wcwidth-0.2.5.dist-info/RECORD",
        "path_type": "hardlink",
        "sha256": "7f4b7e91b67f8095dff9493f33520ba938b68606783aa37dc45ca3d3fbe9ba87",
        "sha256_in_prefix": "7f4b7e91b67f8095dff9493f33520ba938b68606783aa37dc45ca3d3fbe9ba87",
        "size_in_bytes": 1395
      },
      {
        "_path": "site-packages/wcwidth-0.2.5.dist-info/REQUESTED",
        "path_type": "hardlink",
        "sha256": "e3b0c44298fc1c149afbf4c8996fb92427ae41e4649b934ca495991b7852b855",
        "sha256_in_prefix": "e3b0c44298fc1c149afbf4c8996fb92427ae41e4649b934ca495991b7852b855",
        "size_in_bytes": 0
      },
      {
        "_path": "site-packages/wcwidth-0.2.5.dist-info/WHEEL",
        "path_type": "hardlink",
        "sha256": "5b367c7308e1f25d23b542cd8d8ab51e9afe582a824603ebfbe4d7e0fe48d56a",
        "sha256_in_prefix": "5b367c7308e1f25d23b542cd8d8ab51e9afe582a824603ebfbe4d7e0fe48d56a",
        "size_in_bytes": 110
      },
      {
        "_path": "site-packages/wcwidth-0.2.5.dist-info/direct_url.json",
        "path_type": "hardlink",
        "sha256": "c323d9e931bb021c6cfebbcbe9efe13cae91a5c89cc897773297b1970f350e17",
        "sha256_in_prefix": "c323d9e931bb021c6cfebbcbe9efe13cae91a5c89cc897773297b1970f350e17",
        "size_in_bytes": 93
      },
      {
        "_path": "site-packages/wcwidth-0.2.5.dist-info/top_level.txt",
        "path_type": "hardlink",
        "sha256": "2cb8d2f121625d7b8b11c0f604d7457468692967b9a291edbe7eca363f402112",
        "sha256_in_prefix": "2cb8d2f121625d7b8b11c0f604d7457468692967b9a291edbe7eca363f402112",
        "size_in_bytes": 8
      },
      {
        "_path": "site-packages/wcwidth-0.2.5.dist-info/zip-safe",
        "path_type": "hardlink",
        "sha256": "01ba4719c80b6fe911b091a7c05124b64eeece964e09c058ef8f9805daca546b",
        "sha256_in_prefix": "01ba4719c80b6fe911b091a7c05124b64eeece964e09c058ef8f9805daca546b",
        "size_in_bytes": 1
      },
      {
        "_path": "site-packages/wcwidth/__init__.py",
        "path_type": "hardlink",
        "sha256": "f3d7e4f2ad8c3dbe1c95a85efea0d52339486b4536f3bd9db04e21130c42e96f",
        "sha256_in_prefix": "f3d7e4f2ad8c3dbe1c95a85efea0d52339486b4536f3bd9db04e21130c42e96f",
        "size_in_bytes": 1557
      },
      {
        "_path": "site-packages/wcwidth/table_wide.py",
        "path_type": "hardlink",
        "sha256": "d320043865fa288aec9b9754a731b426b6f8b3cc01e9cecc0bbea77578cb2e3f",
        "sha256_in_prefix": "d320043865fa288aec9b9754a731b426b6f8b3cc01e9cecc0bbea77578cb2e3f",
        "size_in_bytes": 79422
      },
      {
        "_path": "site-packages/wcwidth/table_zero.py",
        "path_type": "hardlink",
        "sha256": "c3cca6f26b161b54765e1b495d18d4913d5eac52218fc77a61c9575eb6286a44",
        "sha256_in_prefix": "c3cca6f26b161b54765e1b495d18d4913d5eac52218fc77a61c9575eb6286a44",
        "size_in_bytes": 310230
      },
      {
        "_path": "site-packages/wcwidth/unicode_versions.py",
        "path_type": "hardlink",
        "sha256": "a66c8f53c8cf0aa34e8ce1d25472de74a716796f92001481709d4425e99025ba",
        "sha256_in_prefix": "a66c8f53c8cf0aa34e8ce1d25472de74a716796f92001481709d4425e99025ba",
        "size_in_bytes": 792
      },
      {
        "_path": "site-packages/wcwidth/wcwidth.py",
        "path_type": "hardlink",
        "sha256": "d1b800f14d7b432bd21ec732e73bb5256eeb4d670469dc3a1f034d6c0f4f86f9",
        "sha256_in_prefix": "d1b800f14d7b432bd21ec732e73bb5256eeb4d670469dc3a1f034d6c0f4f86f9",
        "size_in_bytes": 14872
      },
      {
        "_path": "lib/python3.8/site-packages/wcwidth/__pycache__/__init__.cpython-38.pyc",
        "path_type": "pyc_file"
      },
      {
        "_path": "lib/python3.8/site-packages/wcwidth/__pycache__/table_wide.cpython-38.pyc",
        "path_type": "pyc_file"
      },
      {
        "_path": "lib/python3.8/site-packages/wcwidth/__pycache__/table_zero.cpython-38.pyc",
        "path_type": "pyc_file"
      },
      {
        "_path": "lib/python3.8/site-packages/wcwidth/__pycache__/unicode_versions.cpython-38.pyc",
        "path_type": "pyc_file"
      },
      {
        "_path": "lib/python3.8/site-packages/wcwidth/__pycache__/wcwidth.cpython-38.pyc",
        "path_type": "pyc_file"
      }
    ],
    "paths_version": 1
  },
  "requested_spec": "None",
  "sha256": "19f0d42ae7e5ab32e558812a0025c00de31e2a3636bb051ae3527db196264532",
  "size": 26717,
  "subdir": "noarch",
  "timestamp": 1629357209371,
  "track_features": "",
  "url": "https://mirrors.ustc.edu.cn/anaconda/pkgs/main/noarch/wcwidth-0.2.5-pyhd3eb1b0_0.conda",
  "version": "0.2.5"
}