{
  "build": "py38h27cfd23_1003",
  "build_number": 1003,
  "channel": "https://repo.anaconda.com/pkgs/main/linux-64",
  "constrains": [],
  "depends": [
    "cffi >=1.0.0",
    "libgcc-ng >=7.3.0",
    "python >=3.8,<3.9.0a0"
  ],
  "extracted_package_dir": "/root/miniconda3/pkgs/brotlipy-0.7.0-py38h27cfd23_1003",
  "features": "",
  "files": [
    "lib/python3.8/site-packages/brotli/__init__.py",
    "lib/python3.8/site-packages/brotli/__pycache__/__init__.cpython-38.pyc",
    "lib/python3.8/site-packages/brotli/__pycache__/brotli.cpython-38.pyc",
    "lib/python3.8/site-packages/brotli/__pycache__/build.cpython-38.pyc",
    "lib/python3.8/site-packages/brotli/_brotli.abi3.so",
    "lib/python3.8/site-packages/brotli/brotli.py",
    "lib/python3.8/site-packages/brotli/build.py",
    "lib/python3.8/site-packages/brotlipy-0.7.0-py3.8.egg-info/PKG-INFO",
    "lib/python3.8/site-packages/brotlipy-0.7.0-py3.8.egg-info/SOURCES.txt",
    "lib/python3.8/site-packages/brotlipy-0.7.0-py3.8.egg-info/dependency_links.txt",
    "lib/python3.8/site-packages/brotlipy-0.7.0-py3.8.egg-info/not-zip-safe",
    "lib/python3.8/site-packages/brotlipy-0.7.0-py3.8.egg-info/requires.txt",
    "lib/python3.8/site-packages/brotlipy-0.7.0-py3.8.egg-info/top_level.txt"
  ],
  "fn": "brotlipy-0.7.0-py38h27cfd23_1003.conda",
  "legacy_bz2_md5": "e0991e9285c8b23adeebe815b9597e5f",
  "legacy_bz2_size": 357877,
  "license": "MIT",
  "license_family": "MIT",
  "link": {
    "source": "/root/miniconda3/pkgs/brotlipy-0.7.0-py38h27cfd23_1003",
    "type": 1
  },
  "md5": "e881c8ee8a4048f29da5d20f0330fe37",
  "name": "brotlipy",
  "package_tarball_full_path": "/root/miniconda3/pkgs/brotlipy-0.7.0-py38h27cfd23_1003.conda",
  "paths_data": {
    "paths": [],
    "paths_version": 1
  },
  "requested_spec": "brotlipy==0.7.0=py38h27cfd23_1003",
  "sha256": "42f83ff56466f4e83ad8c29b3cf1f396cd9e1278f8158331c8ac9687b4da8052",
  "size": 330737,
  "subdir": "linux-64",
  "timestamp": 1605539542867,
  "track_features": "",
  "url": "https://repo.anaconda.com/pkgs/main/linux-64/brotlipy-0.7.0-py38h27cfd23_1003.conda",
  "version": "0.7.0"
}