{
  "build": "h06a4308_1",
  "build_number": 1,
  "channel": "https://repo.anaconda.com/pkgs/main/linux-64",
  "constrains": [],
  "depends": [],
  "extracted_package_dir": "/root/miniconda3/pkgs/ca-certificates-2021.7.5-h06a4308_1",
  "features": "",
  "files": [
    "ssl/cacert.pem",
    "ssl/cert.pem"
  ],
  "fn": "ca-certificates-2021.7.5-h06a4308_1.conda",
  "legacy_bz2_md5": "a5b14ae6530b92eb40e59709e9bd7c8a",
  "legacy_bz2_size": 121771,
  "license": "MPL 2.0",
  "link": {
    "source": "/root/miniconda3/pkgs/ca-certificates-2021.7.5-h06a4308_1",
    "type": 1
  },
  "md5": "b2fecf5efa58597ba5f49c6b8217dee4",
  "name": "ca-certificates",
  "package_tarball_full_path": "/root/miniconda3/pkgs/ca-certificates-2021.7.5-h06a4308_1.conda",
  "paths_data": {
    "paths": [],
    "paths_version": 1
  },
  "requested_spec": "ca-certificates==2021.7.5=h06a4308_1",
  "sha256": "62ce49d5262991b1d2ad46e47b2ea53c793c65f98d4c210bbf17a89a25d837ae",
  "size": 115448,
  "subdir": "linux-64",
  "timestamp": 1625555175911,
  "track_features": "",
  "url": "https://repo.anaconda.com/pkgs/main/linux-64/ca-certificates-2021.7.5-h06a4308_1.conda",
  "version": "2021.7.5"
}