{
  "build": "py38h400218f_0",
  "build_number": 0,
  "channel": "https://repo.anaconda.com/pkgs/main/linux-64",
  "constrains": [],
  "depends": [
    "libffi >=3.3,<3.4.0a0",
    "libgcc-ng >=7.5.0",
    "pycparser",
    "python >=3.8,<3.9.0a0"
  ],
  "extracted_package_dir": "/root/miniconda3/pkgs/cffi-1.14.6-py38h400218f_0",
  "features": "",
  "files": [
    "lib/python3.8/site-packages/_cffi_backend.cpython-38-x86_64-linux-gnu.so",
    "lib/python3.8/site-packages/cffi-1.14.6.dist-info/INSTALLER",
    "lib/python3.8/site-packages/cffi-1.14.6.dist-info/LICENSE",
    "lib/python3.8/site-packages/cffi-1.14.6.dist-info/METADATA",
    "lib/python3.8/site-packages/cffi-1.14.6.dist-info/RECORD",
    "lib/python3.8/site-packages/cffi-1.14.6.dist-info/REQUESTED",
    "lib/python3.8/site-packages/cffi-1.14.6.dist-info/WHEEL",
    "lib/python3.8/site-packages/cffi-1.14.6.dist-info/direct_url.json",
    "lib/python3.8/site-packages/cffi-1.14.6.dist-info/entry_points.txt",
    "lib/python3.8/site-packages/cffi-1.14.6.dist-info/top_level.txt",
    "lib/python3.8/site-packages/cffi/__init__.py",
    "lib/python3.8/site-packages/cffi/__pycache__/__init__.cpython-38.pyc",
    "lib/python3.8/site-packages/cffi/__pycache__/api.cpython-38.pyc",
    "lib/python3.8/site-packages/cffi/__pycache__/backend_ctypes.cpython-38.pyc",
    "lib/python3.8/site-packages/cffi/__pycache__/cffi_opcode.cpython-38.pyc",
    "lib/python3.8/site-packages/cffi/__pycache__/commontypes.cpython-38.pyc",
    "lib/python3.8/site-packages/cffi/__pycache__/cparser.cpython-38.pyc",
    "lib/python3.8/site-packages/cffi/__pycache__/error.cpython-38.pyc",
    "lib/python3.8/site-packages/cffi/__pycache__/ffiplatform.cpython-38.pyc",
    "lib/python3.8/site-packages/cffi/__pycache__/lock.cpython-38.pyc",
    "lib/python3.8/site-packages/cffi/__pycache__/model.cpython-38.pyc",
    "lib/python3.8/site-packages/cffi/__pycache__/pkgconfig.cpython-38.pyc",
    "lib/python3.8/site-packages/cffi/__pycache__/recompiler.cpython-38.pyc",
    "lib/python3.8/site-packages/cffi/__pycache__/setuptools_ext.cpython-38.pyc",
    "lib/python3.8/site-packages/cffi/__pycache__/vengine_cpy.cpython-38.pyc",
    "lib/python3.8/site-packages/cffi/__pycache__/vengine_gen.cpython-38.pyc",
    "lib/python3.8/site-packages/cffi/__pycache__/verifier.cpython-38.pyc",
    "lib/python3.8/site-packages/cffi/_cffi_errors.h",
    "lib/python3.8/site-packages/cffi/_cffi_include.h",
    "lib/python3.8/site-packages/cffi/_embedding.h",
    "lib/python3.8/site-packages/cffi/api.py",
    "lib/python3.8/site-packages/cffi/backend_ctypes.py",
    "lib/python3.8/site-packages/cffi/cffi_opcode.py",
    "lib/python3.8/site-packages/cffi/commontypes.py",
    "lib/python3.8/site-packages/cffi/cparser.py",
    "lib/python3.8/site-packages/cffi/error.py",
    "lib/python3.8/site-packages/cffi/ffiplatform.py",
    "lib/python3.8/site-packages/cffi/lock.py",
    "lib/python3.8/site-packages/cffi/model.py",
    "lib/python3.8/site-packages/cffi/parse_c_type.h",
    "lib/python3.8/site-packages/cffi/pkgconfig.py",
    "lib/python3.8/site-packages/cffi/recompiler.py",
    "lib/python3.8/site-packages/cffi/setuptools_ext.py",
    "lib/python3.8/site-packages/cffi/vengine_cpy.py",
    "lib/python3.8/site-packages/cffi/vengine_gen.py",
    "lib/python3.8/site-packages/cffi/verifier.py"
  ],
  "fn": "cffi-1.14.6-py38h400218f_0.conda",
  "legacy_bz2_md5": "3f7461f1490b4a49c1be45cceab5886a",
  "legacy_bz2_size": 231235,
  "license": "MIT",
  "link": {
    "source": "/root/miniconda3/pkgs/cffi-1.14.6-py38h400218f_0",
    "type": 1
  },
  "md5": "cd530b3739b7bfeac4b260c8c72fbe72",
  "name": "cffi",
  "package_tarball_full_path": "/root/miniconda3/pkgs/cffi-1.14.6-py38h400218f_0.conda",
  "paths_data": {
    "paths": [],
    "paths_version": 1
  },
  "requested_spec": "cffi==1.14.6=py38h400218f_0",
  "sha256": "d753cedb0c6052559bcd898a52016f2cba0cd472325c6751867aa9cddc9024cc",
  "size": 229582,
  "subdir": "linux-64",
  "timestamp": 1625807894199,
  "track_features": "",
  "url": "https://repo.anaconda.com/pkgs/main/linux-64/cffi-1.14.6-py38h400218f_0.conda",
  "version": "1.14.6"
}