{
  "build": "py38hd23ed53_0",
  "build_number": 0,
  "channel": "https://repo.anaconda.com/pkgs/main/linux-64",
  "constrains": [],
  "depends": [
    "cffi >=1.12",
    "libgcc-ng",
    "openssl >=1.1.1k,<1.1.2a",
    "python >=3.8,<3.9.0a0"
  ],
  "extracted_package_dir": "/root/miniconda3/pkgs/cryptography-3.4.7-py38hd23ed53_0",
  "features": "",
  "files": [
    "lib/python3.8/site-packages/cryptography-3.4.7.dist-info/INSTALLER",
    "lib/python3.8/site-packages/cryptography-3.4.7.dist-info/LICENSE",
    "lib/python3.8/site-packages/cryptography-3.4.7.dist-info/LICENSE.APACHE",
    "lib/python3.8/site-packages/cryptography-3.4.7.dist-info/LICENSE.BSD",
    "lib/python3.8/site-packages/cryptography-3.4.7.dist-info/LICENSE.PSF",
    "lib/python3.8/site-packages/cryptography-3.4.7.dist-info/METADATA",
    "lib/python3.8/site-packages/cryptography-3.4.7.dist-info/RECORD",
    "lib/python3.8/site-packages/cryptography-3.4.7.dist-info/REQUESTED",
    "lib/python3.8/site-packages/cryptography-3.4.7.dist-info/WHEEL",
    "lib/python3.8/site-packages/cryptography-3.4.7.dist-info/direct_url.json",
    "lib/python3.8/site-packages/cryptography-3.4.7.dist-info/top_level.txt",
    "lib/python3.8/site-packages/cryptography/__about__.py",
    "lib/python3.8/site-packages/cryptography/__init__.py",
    "lib/python3.8/site-packages/cryptography/__pycache__/__about__.cpython-38.pyc",
    "lib/python3.8/site-packages/cryptography/__pycache__/__init__.cpython-38.pyc",
    "lib/python3.8/site-packages/cryptography/__pycache__/exceptions.cpython-38.pyc",
    "lib/python3.8/site-packages/cryptography/__pycache__/fernet.cpython-38.pyc",
    "lib/python3.8/site-packages/cryptography/__pycache__/utils.cpython-38.pyc",
    "lib/python3.8/site-packages/cryptography/exceptions.py",
    "lib/python3.8/site-packages/cryptography/fernet.py",
    "lib/python3.8/site-packages/cryptography/hazmat/__init__.py",
    "lib/python3.8/site-packages/cryptography/hazmat/__pycache__/__init__.cpython-38.pyc",
    "lib/python3.8/site-packages/cryptography/hazmat/__pycache__/_der.cpython-38.pyc",
    "lib/python3.8/site-packages/cryptography/hazmat/__pycache__/_oid.cpython-38.pyc",
    "lib/python3.8/site-packages/cryptography/hazmat/__pycache__/_types.cpython-38.pyc",
    "lib/python3.8/site-packages/cryptography/hazmat/_der.py",
    "lib/python3.8/site-packages/cryptography/hazmat/_oid.py",
    "lib/python3.8/site-packages/cryptography/hazmat/_types.py",
    "lib/python3.8/site-packages/cryptography/hazmat/backends/__init__.py",
    "lib/python3.8/site-packages/cryptography/hazmat/backends/__pycache__/__init__.cpython-38.pyc",
    "lib/python3.8/site-packages/cryptography/hazmat/backends/__pycache__/interfaces.cpython-38.pyc",
    "lib/python3.8/site-packages/cryptography/hazmat/backends/interfaces.py",
    "lib/python3.8/site-packages/cryptography/hazmat/backends/openssl/__init__.py",
    "lib/python3.8/site-packages/cryptography/hazmat/backends/openssl/__pycache__/__init__.cpython-38.pyc",
    "lib/python3.8/site-packages/cryptography/hazmat/backends/openssl/__pycache__/aead.cpython-38.pyc",
    "lib/python3.8/site-packages/cryptography/hazmat/backends/openssl/__pycache__/backend.cpython-38.pyc",
    "lib/python3.8/site-packages/cryptography/hazmat/backends/openssl/__pycache__/ciphers.cpython-38.pyc",
    "lib/python3.8/site-packages/cryptography/hazmat/backends/openssl/__pycache__/cmac.cpython-38.pyc",
    "lib/python3.8/site-packages/cryptography/hazmat/backends/openssl/__pycache__/decode_asn1.cpython-38.pyc",
    "lib/python3.8/site-packages/cryptography/hazmat/backends/openssl/__pycache__/dh.cpython-38.pyc",
    "lib/python3.8/site-packages/cryptography/hazmat/backends/openssl/__pycache__/dsa.cpython-38.pyc",
    "lib/python3.8/site-packages/cryptography/hazmat/backends/openssl/__pycache__/ec.cpython-38.pyc",
    "lib/python3.8/site-packages/cryptography/hazmat/backends/openssl/__pycache__/ed25519.cpython-38.pyc",
    "lib/python3.8/site-packages/cryptography/hazmat/backends/openssl/__pycache__/ed448.cpython-38.pyc",
    "lib/python3.8/site-packages/cryptography/hazmat/backends/openssl/__pycache__/encode_asn1.cpython-38.pyc",
    "lib/python3.8/site-packages/cryptography/hazmat/backends/openssl/__pycache__/hashes.cpython-38.pyc",
    "lib/python3.8/site-packages/cryptography/hazmat/backends/openssl/__pycache__/hmac.cpython-38.pyc",
    "lib/python3.8/site-packages/cryptography/hazmat/backends/openssl/__pycache__/ocsp.cpython-38.pyc",
    "lib/python3.8/site-packages/cryptography/hazmat/backends/openssl/__pycache__/poly1305.cpython-38.pyc",
    "lib/python3.8/site-packages/cryptography/hazmat/backends/openssl/__pycache__/rsa.cpython-38.pyc",
    "lib/python3.8/site-packages/cryptography/hazmat/backends/openssl/__pycache__/utils.cpython-38.pyc",
    "lib/python3.8/site-packages/cryptography/hazmat/backends/openssl/__pycache__/x25519.cpython-38.pyc",
    "lib/python3.8/site-packages/cryptography/hazmat/backends/openssl/__pycache__/x448.cpython-38.pyc",
    "lib/python3.8/site-packages/cryptography/hazmat/backends/openssl/__pycache__/x509.cpython-38.pyc",
    "lib/python3.8/site-packages/cryptography/hazmat/backends/openssl/aead.py",
    "lib/python3.8/site-packages/cryptography/hazmat/backends/openssl/backend.py",
    "lib/python3.8/site-packages/cryptography/hazmat/backends/openssl/ciphers.py",
    "lib/python3.8/site-packages/cryptography/hazmat/backends/openssl/cmac.py",
    "lib/python3.8/site-packages/cryptography/hazmat/backends/openssl/decode_asn1.py",
    "lib/python3.8/site-packages/cryptography/hazmat/backends/openssl/dh.py",
    "lib/python3.8/site-packages/cryptography/hazmat/backends/openssl/dsa.py",
    "lib/python3.8/site-packages/cryptography/hazmat/backends/openssl/ec.py",
    "lib/python3.8/site-packages/cryptography/hazmat/backends/openssl/ed25519.py",
    "lib/python3.8/site-packages/cryptography/hazmat/backends/openssl/ed448.py",
    "lib/python3.8/site-packages/cryptography/hazmat/backends/openssl/encode_asn1.py",
    "lib/python3.8/site-packages/cryptography/hazmat/backends/openssl/hashes.py",
    "lib/python3.8/site-packages/cryptography/hazmat/backends/openssl/hmac.py",
    "lib/python3.8/site-packages/cryptography/hazmat/backends/openssl/ocsp.py",
    "lib/python3.8/site-packages/cryptography/hazmat/backends/openssl/poly1305.py",
    "lib/python3.8/site-packages/cryptography/hazmat/backends/openssl/rsa.py",
    "lib/python3.8/site-packages/cryptography/hazmat/backends/openssl/utils.py",
    "lib/python3.8/site-packages/cryptography/hazmat/backends/openssl/x25519.py",
    "lib/python3.8/site-packages/cryptography/hazmat/backends/openssl/x448.py",
    "lib/python3.8/site-packages/cryptography/hazmat/backends/openssl/x509.py",
    "lib/python3.8/site-packages/cryptography/hazmat/bindings/__init__.py",
    "lib/python3.8/site-packages/cryptography/hazmat/bindings/__pycache__/__init__.cpython-38.pyc",
    "lib/python3.8/site-packages/cryptography/hazmat/bindings/_openssl.abi3.so",
    "lib/python3.8/site-packages/cryptography/hazmat/bindings/_padding.abi3.so",
    "lib/python3.8/site-packages/cryptography/hazmat/bindings/_rust.abi3.so",
    "lib/python3.8/site-packages/cryptography/hazmat/bindings/openssl/__init__.py",
    "lib/python3.8/site-packages/cryptography/hazmat/bindings/openssl/__pycache__/__init__.cpython-38.pyc",
    "lib/python3.8/site-packages/cryptography/hazmat/bindings/openssl/__pycache__/_conditional.cpython-38.pyc",
    "lib/python3.8/site-packages/cryptography/hazmat/bindings/openssl/__pycache__/binding.cpython-38.pyc",
    "lib/python3.8/site-packages/cryptography/hazmat/bindings/openssl/_conditional.py",
    "lib/python3.8/site-packages/cryptography/hazmat/bindings/openssl/binding.py",
    "lib/python3.8/site-packages/cryptography/hazmat/primitives/__init__.py",
    "lib/python3.8/site-packages/cryptography/hazmat/primitives/__pycache__/__init__.cpython-38.pyc",
    "lib/python3.8/site-packages/cryptography/hazmat/primitives/__pycache__/_asymmetric.cpython-38.pyc",
    "lib/python3.8/site-packages/cryptography/hazmat/primitives/__pycache__/_cipheralgorithm.cpython-38.pyc",
    "lib/python3.8/site-packages/cryptography/hazmat/primitives/__pycache__/_serialization.cpython-38.pyc",
    "lib/python3.8/site-packages/cryptography/hazmat/primitives/__pycache__/cmac.cpython-38.pyc",
    "lib/python3.8/site-packages/cryptography/hazmat/primitives/__pycache__/constant_time.cpython-38.pyc",
    "lib/python3.8/site-packages/cryptography/hazmat/primitives/__pycache__/hashes.cpython-38.pyc",
    "lib/python3.8/site-packages/cryptography/hazmat/primitives/__pycache__/hmac.cpython-38.pyc",
    "lib/python3.8/site-packages/cryptography/hazmat/primitives/__pycache__/keywrap.cpython-38.pyc",
    "lib/python3.8/site-packages/cryptography/hazmat/primitives/__pycache__/padding.cpython-38.pyc",
    "lib/python3.8/site-packages/cryptography/hazmat/primitives/__pycache__/poly1305.cpython-38.pyc",
    "lib/python3.8/site-packages/cryptography/hazmat/primitives/_asymmetric.py",
    "lib/python3.8/site-packages/cryptography/hazmat/primitives/_cipheralgorithm.py",
    "lib/python3.8/site-packages/cryptography/hazmat/primitives/_serialization.py",
    "lib/python3.8/site-packages/cryptography/hazmat/primitives/asymmetric/__init__.py",
    "lib/python3.8/site-packages/cryptography/hazmat/primitives/asymmetric/__pycache__/__init__.cpython-38.pyc",
    "lib/python3.8/site-packages/cryptography/hazmat/primitives/asymmetric/__pycache__/dh.cpython-38.pyc",
    "lib/python3.8/site-packages/cryptography/hazmat/primitives/asymmetric/__pycache__/dsa.cpython-38.pyc",
    "lib/python3.8/site-packages/cryptography/hazmat/primitives/asymmetric/__pycache__/ec.cpython-38.pyc",
    "lib/python3.8/site-packages/cryptography/hazmat/primitives/asymmetric/__pycache__/ed25519.cpython-38.pyc",
    "lib/python3.8/site-packages/cryptography/hazmat/primitives/asymmetric/__pycache__/ed448.cpython-38.pyc",
    "lib/python3.8/site-packages/cryptography/hazmat/primitives/asymmetric/__pycache__/padding.cpython-38.pyc",
    "lib/python3.8/site-packages/cryptography/hazmat/primitives/asymmetric/__pycache__/rsa.cpython-38.pyc",
    "lib/python3.8/site-packages/cryptography/hazmat/primitives/asymmetric/__pycache__/utils.cpython-38.pyc",
    "lib/python3.8/site-packages/cryptography/hazmat/primitives/asymmetric/__pycache__/x25519.cpython-38.pyc",
    "lib/python3.8/site-packages/cryptography/hazmat/primitives/asymmetric/__pycache__/x448.cpython-38.pyc",
    "lib/python3.8/site-packages/cryptography/hazmat/primitives/asymmetric/dh.py",
    "lib/python3.8/site-packages/cryptography/hazmat/primitives/asymmetric/dsa.py",
    "lib/python3.8/site-packages/cryptography/hazmat/primitives/asymmetric/ec.py",
    "lib/python3.8/site-packages/cryptography/hazmat/primitives/asymmetric/ed25519.py",
    "lib/python3.8/site-packages/cryptography/hazmat/primitives/asymmetric/ed448.py",
    "lib/python3.8/site-packages/cryptography/hazmat/primitives/asymmetric/padding.py",
    "lib/python3.8/site-packages/cryptography/hazmat/primitives/asymmetric/rsa.py",
    "lib/python3.8/site-packages/cryptography/hazmat/primitives/asymmetric/utils.py",
    "lib/python3.8/site-packages/cryptography/hazmat/primitives/asymmetric/x25519.py",
    "lib/python3.8/site-packages/cryptography/hazmat/primitives/asymmetric/x448.py",
    "lib/python3.8/site-packages/cryptography/hazmat/primitives/ciphers/__init__.py",
    "lib/python3.8/site-packages/cryptography/hazmat/primitives/ciphers/__pycache__/__init__.cpython-38.pyc",
    "lib/python3.8/site-packages/cryptography/hazmat/primitives/ciphers/__pycache__/aead.cpython-38.pyc",
    "lib/python3.8/site-packages/cryptography/hazmat/primitives/ciphers/__pycache__/algorithms.cpython-38.pyc",
    "lib/python3.8/site-packages/cryptography/hazmat/primitives/ciphers/__pycache__/base.cpython-38.pyc",
    "lib/python3.8/site-packages/cryptography/hazmat/primitives/ciphers/__pycache__/modes.cpython-38.pyc",
    "lib/python3.8/site-packages/cryptography/hazmat/primitives/ciphers/aead.py",
    "lib/python3.8/site-packages/cryptography/hazmat/primitives/ciphers/algorithms.py",
    "lib/python3.8/site-packages/cryptography/hazmat/primitives/ciphers/base.py",
    "lib/python3.8/site-packages/cryptography/hazmat/primitives/ciphers/modes.py",
    "lib/python3.8/site-packages/cryptography/hazmat/primitives/cmac.py",
    "lib/python3.8/site-packages/cryptography/hazmat/primitives/constant_time.py",
    "lib/python3.8/site-packages/cryptography/hazmat/primitives/hashes.py",
    "lib/python3.8/site-packages/cryptography/hazmat/primitives/hmac.py",
    "lib/python3.8/site-packages/cryptography/hazmat/primitives/kdf/__init__.py",
    "lib/python3.8/site-packages/cryptography/hazmat/primitives/kdf/__pycache__/__init__.cpython-38.pyc",
    "lib/python3.8/site-packages/cryptography/hazmat/primitives/kdf/__pycache__/concatkdf.cpython-38.pyc",
    "lib/python3.8/site-packages/cryptography/hazmat/primitives/kdf/__pycache__/hkdf.cpython-38.pyc",
    "lib/python3.8/site-packages/cryptography/hazmat/primitives/kdf/__pycache__/kbkdf.cpython-38.pyc",
    "lib/python3.8/site-packages/cryptography/hazmat/primitives/kdf/__pycache__/pbkdf2.cpython-38.pyc",
    "lib/python3.8/site-packages/cryptography/hazmat/primitives/kdf/__pycache__/scrypt.cpython-38.pyc",
    "lib/python3.8/site-packages/cryptography/hazmat/primitives/kdf/__pycache__/x963kdf.cpython-38.pyc",
    "lib/python3.8/site-packages/cryptography/hazmat/primitives/kdf/concatkdf.py",
    "lib/python3.8/site-packages/cryptography/hazmat/primitives/kdf/hkdf.py",
    "lib/python3.8/site-packages/cryptography/hazmat/primitives/kdf/kbkdf.py",
    "lib/python3.8/site-packages/cryptography/hazmat/primitives/kdf/pbkdf2.py",
    "lib/python3.8/site-packages/cryptography/hazmat/primitives/kdf/scrypt.py",
    "lib/python3.8/site-packages/cryptography/hazmat/primitives/kdf/x963kdf.py",
    "lib/python3.8/site-packages/cryptography/hazmat/primitives/keywrap.py",
    "lib/python3.8/site-packages/cryptography/hazmat/primitives/padding.py",
    "lib/python3.8/site-packages/cryptography/hazmat/primitives/poly1305.py",
    "lib/python3.8/site-packages/cryptography/hazmat/primitives/serialization/__init__.py",
    "lib/python3.8/site-packages/cryptography/hazmat/primitives/serialization/__pycache__/__init__.cpython-38.pyc",
    "lib/python3.8/site-packages/cryptography/hazmat/primitives/serialization/__pycache__/base.cpython-38.pyc",
    "lib/python3.8/site-packages/cryptography/hazmat/primitives/serialization/__pycache__/pkcs12.cpython-38.pyc",
    "lib/python3.8/site-packages/cryptography/hazmat/primitives/serialization/__pycache__/pkcs7.cpython-38.pyc",
    "lib/python3.8/site-packages/cryptography/hazmat/primitives/serialization/__pycache__/ssh.cpython-38.pyc",
    "lib/python3.8/site-packages/cryptography/hazmat/primitives/serialization/base.py",
    "lib/python3.8/site-packages/cryptography/hazmat/primitives/serialization/pkcs12.py",
    "lib/python3.8/site-packages/cryptography/hazmat/primitives/serialization/pkcs7.py",
    "lib/python3.8/site-packages/cryptography/hazmat/primitives/serialization/ssh.py",
    "lib/python3.8/site-packages/cryptography/hazmat/primitives/twofactor/__init__.py",
    "lib/python3.8/site-packages/cryptography/hazmat/primitives/twofactor/__pycache__/__init__.cpython-38.pyc",
    "lib/python3.8/site-packages/cryptography/hazmat/primitives/twofactor/__pycache__/hotp.cpython-38.pyc",
    "lib/python3.8/site-packages/cryptography/hazmat/primitives/twofactor/__pycache__/totp.cpython-38.pyc",
    "lib/python3.8/site-packages/cryptography/hazmat/primitives/twofactor/__pycache__/utils.cpython-38.pyc",
    "lib/python3.8/site-packages/cryptography/hazmat/primitives/twofactor/hotp.py",
    "lib/python3.8/site-packages/cryptography/hazmat/primitives/twofactor/totp.py",
    "lib/python3.8/site-packages/cryptography/hazmat/primitives/twofactor/utils.py",
    "lib/python3.8/site-packages/cryptography/py.typed",
    "lib/python3.8/site-packages/cryptography/utils.py",
    "lib/python3.8/site-packages/cryptography/x509/__init__.py",
    "lib/python3.8/site-packages/cryptography/x509/__pycache__/__init__.cpython-38.pyc",
    "lib/python3.8/site-packages/cryptography/x509/__pycache__/base.cpython-38.pyc",
    "lib/python3.8/site-packages/cryptography/x509/__pycache__/certificate_transparency.cpython-38.pyc",
    "lib/python3.8/site-packages/cryptography/x509/__pycache__/extensions.cpython-38.pyc",
    "lib/python3.8/site-packages/cryptography/x509/__pycache__/general_name.cpython-38.pyc",
    "lib/python3.8/site-packages/cryptography/x509/__pycache__/name.cpython-38.pyc",
    "lib/python3.8/site-packages/cryptography/x509/__pycache__/ocsp.cpython-38.pyc",
    "lib/python3.8/site-packages/cryptography/x509/__pycache__/oid.cpython-38.pyc",
    "lib/python3.8/site-packages/cryptography/x509/base.py",
    "lib/python3.8/site-packages/cryptography/x509/certificate_transparency.py",
    "lib/python3.8/site-packages/cryptography/x509/extensions.py",
    "lib/python3.8/site-packages/cryptography/x509/general_name.py",
    "lib/python3.8/site-packages/cryptography/x509/name.py",
    "lib/python3.8/site-packages/cryptography/x509/ocsp.py",
    "lib/python3.8/site-packages/cryptography/x509/oid.py"
  ],
  "fn": "cryptography-3.4.7-py38hd23ed53_0.conda",
  "legacy_bz2_md5": "6fc4e21841343a19194d106f17aea01d",
  "legacy_bz2_size": 1061380,
  "license": "Apache-2.0 AND BSD-3-Clause AND PSF-2.0 AND MIT",
  "license_family": "BSD",
  "link": {
    "source": "/root/miniconda3/pkgs/cryptography-3.4.7-py38hd23ed53_0",
    "type": 1
  },
  "md5": "2a1dbcc79beff36a06ca7a53f8316efc",
  "name": "cryptography",
  "package_tarball_full_path": "/root/miniconda3/pkgs/cryptography-3.4.7-py38hd23ed53_0.conda",
  "paths_data": {
    "paths": [],
    "paths_version": 1
  },
  "requested_spec": "cryptography==3.4.7=py38hd23ed53_0",
  "sha256": "0fde7a632e74740ce705628dceba950b2b8a94478897ba3a77d7e506c9951652",
  "size": 934557,
  "subdir": "linux-64",
  "timestamp": 1616769470690,
  "track_features": "",
  "url": "https://repo.anaconda.com/pkgs/main/linux-64/cryptography-3.4.7-py38hd23ed53_0.conda",
  "version": "3.4.7"
}