{
  "build": "pyhd3eb1b0_0",
  "build_number": 0,
  "channel": "https://repo.anaconda.com/pkgs/main/noarch",
  "constrains": [],
  "depends": [
    "python"
  ],
  "extracted_package_dir": "/root/miniconda3/pkgs/idna-2.10-pyhd3eb1b0_0",
  "features": "",
  "files": [
    "lib/python3.8/site-packages/idna-2.10.dist-info/INSTALLER",
    "lib/python3.8/site-packages/idna-2.10.dist-info/LICENSE.rst",
    "lib/python3.8/site-packages/idna-2.10.dist-info/METADATA",
    "lib/python3.8/site-packages/idna-2.10.dist-info/RECORD",
    "lib/python3.8/site-packages/idna-2.10.dist-info/REQUESTED",
    "lib/python3.8/site-packages/idna-2.10.dist-info/WHEEL",
    "lib/python3.8/site-packages/idna-2.10.dist-info/direct_url.json",
    "lib/python3.8/site-packages/idna-2.10.dist-info/top_level.txt",
    "lib/python3.8/site-packages/idna/__init__.py",
    "lib/python3.8/site-packages/idna/codec.py",
    "lib/python3.8/site-packages/idna/compat.py",
    "lib/python3.8/site-packages/idna/core.py",
    "lib/python3.8/site-packages/idna/idnadata.py",
    "lib/python3.8/site-packages/idna/intranges.py",
    "lib/python3.8/site-packages/idna/package_data.py",
    "lib/python3.8/site-packages/idna/uts46data.py",
    "lib/python3.8/site-packages/idna/__pycache__/__init__.cpython-38.pyc",
    "lib/python3.8/site-packages/idna/__pycache__/codec.cpython-38.pyc",
    "lib/python3.8/site-packages/idna/__pycache__/compat.cpython-38.pyc",
    "lib/python3.8/site-packages/idna/__pycache__/core.cpython-38.pyc",
    "lib/python3.8/site-packages/idna/__pycache__/idnadata.cpython-38.pyc",
    "lib/python3.8/site-packages/idna/__pycache__/intranges.cpython-38.pyc",
    "lib/python3.8/site-packages/idna/__pycache__/package_data.cpython-38.pyc",
    "lib/python3.8/site-packages/idna/__pycache__/uts46data.cpython-38.pyc"
  ],
  "fn": "idna-2.10-pyhd3eb1b0_0.tar.bz2",
  "license": "BSD Like",
  "link": {
    "source": "/root/miniconda3/pkgs/idna-2.10-pyhd3eb1b0_0",
    "type": 1
  },
  "md5": "153ff132f593ea80aae2eea61a629c92",
  "name": "idna",
  "noarch": "python",
  "package_tarball_full_path": "/root/miniconda3/pkgs/idna-2.10-pyhd3eb1b0_0.tar.bz2",
  "package_type": "noarch_python",
  "paths_data": {
    "paths": [
      {
        "_path": "lib/python3.8/site-packages/idna/__pycache__/__init__.cpython-38.pyc",
        "path_type": "pyc_file"
      },
      {
        "_path": "lib/python3.8/site-packages/idna/__pycache__/codec.cpython-38.pyc",
        "path_type": "pyc_file"
      },
      {
        "_path": "lib/python3.8/site-packages/idna/__pycache__/compat.cpython-38.pyc",
        "path_type": "pyc_file"
      },
      {
        "_path": "lib/python3.8/site-packages/idna/__pycache__/core.cpython-38.pyc",
        "path_type": "pyc_file"
      },
      {
        "_path": "lib/python3.8/site-packages/idna/__pycache__/idnadata.cpython-38.pyc",
        "path_type": "pyc_file"
      },
      {
        "_path": "lib/python3.8/site-packages/idna/__pycache__/intranges.cpython-38.pyc",
        "path_type": "pyc_file"
      },
      {
        "_path": "lib/python3.8/site-packages/idna/__pycache__/package_data.cpython-38.pyc",
        "path_type": "pyc_file"
      },
      {
        "_path": "lib/python3.8/site-packages/idna/__pycache__/uts46data.cpython-38.pyc",
        "path_type": "pyc_file"
      }
    ],
    "paths_version": 1
  },
  "requested_spec": "idna==2.10=pyhd3eb1b0_0",
  "sha256": "2f4e481054f660769fd766a506f4774a91afa95903cbcfe1ba9da724ca348dc4",
  "size": 53346,
  "subdir": "noarch",
  "timestamp": 1610986112547,
  "track_features": "",
  "url": "https://repo.anaconda.com/pkgs/main/noarch/idna-2.10-pyhd3eb1b0_0.tar.bz2",
  "version": "2.10"
}