{
  "build": "h5101ec6_17",
  "build_number": 17,
  "channel": "https://repo.anaconda.com/pkgs/main/linux-64",
  "constrains": [
    "libgomp 9.3.0 h5101ec6_17"
  ],
  "depends": [
    "_libgcc_mutex 0.1 main",
    "_openmp_mutex >=4.5",
    "_libgcc_mutex * main",
    "__glibc >=2.17"
  ],
  "extracted_package_dir": "/root/miniconda3/pkgs/libgcc-ng-9.3.0-h5101ec6_17",
  "features": "",
  "files": [
    "lib/libasan.so",
    "lib/libasan.so.5",
    "lib/libasan.so.5.0.0",
    "lib/libatomic.so",
    "lib/libatomic.so.1",
    "lib/libatomic.so.1.2.0",
    "lib/libgcc_s.so",
    "lib/libgcc_s.so.1",
    "lib/libitm.so",
    "lib/libitm.so.1",
    "lib/libitm.so.1.0.0",
    "lib/liblsan.so",
    "lib/liblsan.so.0",
    "lib/liblsan.so.0.0.0",
    "lib/libquadmath.so",
    "lib/libquadmath.so.0",
    "lib/libquadmath.so.0.0.0",
    "lib/libtsan.so",
    "lib/libtsan.so.0",
    "lib/libtsan.so.0.0.0",
    "lib/libubsan.so",
    "lib/libubsan.so.1",
    "lib/libubsan.so.1.0.0",
    "share/info/libgomp.info",
    "share/info/libquadmath.info",
    "share/licenses/gcc-libs/RUNTIME.LIBRARY.EXCEPTION"
  ],
  "fn": "libgcc-ng-9.3.0-h5101ec6_17.conda",
  "legacy_bz2_md5": "877cdee0cc95b9b1a685a2d047072364",
  "legacy_bz2_size": 8201947,
  "license": "GPL-3.0-only WITH GCC-exception-3.1",
  "link": {
    "source": "/root/miniconda3/pkgs/libgcc-ng-9.3.0-h5101ec6_17",
    "type": 1
  },
  "md5": "e9cbabbfb9e8a430f6a7660fe8dd77a7",
  "name": "libgcc-ng",
  "package_tarball_full_path": "/root/miniconda3/pkgs/libgcc-ng-9.3.0-h5101ec6_17.conda",
  "paths_data": {
    "paths": [],
    "paths_version": 1
  },
  "requested_spec": "libgcc-ng==9.3.0=h5101ec6_17",
  "sha256": "49a808720a51c107241a42ac3641cce3d8451ef7cfaf3d68b6e4a3fec2da0676",
  "size": 5035441,
  "subdir": "linux-64",
  "timestamp": 1622663350853,
  "track_features": "",
  "url": "https://repo.anaconda.com/pkgs/main/linux-64/libgcc-ng-9.3.0-h5101ec6_17.conda",
  "version": "9.3.0"
}