{
  "build": "hd4cf53a_17",
  "build_number": 17,
  "channel": "https://repo.anaconda.com/pkgs/main/linux-64",
  "constrains": [],
  "depends": [
    "__glibc >=2.17"
  ],
  "extracted_package_dir": "/root/miniconda3/pkgs/libstdcxx-ng-9.3.0-hd4cf53a_17",
  "features": "",
  "files": [
    "lib/libstdc++.so",
    "lib/libstdc++.so.6",
    "lib/libstdc++.so.6.0.28",
    "share/licenses/libstdc++/RUNTIME.LIBRARY.EXCEPTION"
  ],
  "fn": "libstdcxx-ng-9.3.0-hd4cf53a_17.conda",
  "legacy_bz2_md5": "47415cfbf9f3d288981db1cd97cfe97b",
  "legacy_bz2_size": 4235389,
  "license": "GPL-3.0-only WITH GCC-exception-3.1",
  "link": {
    "source": "/root/miniconda3/pkgs/libstdcxx-ng-9.3.0-hd4cf53a_17",
    "type": 1
  },
  "md5": "47744aca0f5e63c4672d117c3596d937",
  "name": "libstdcxx-ng",
  "package_tarball_full_path": "/root/miniconda3/pkgs/libstdcxx-ng-9.3.0-hd4cf53a_17.conda",
  "paths_data": {
    "paths": [],
    "paths_version": 1
  },
  "requested_spec": "libstdcxx-ng==9.3.0=hd4cf53a_17",
  "sha256": "0cdad3721336fe93f626289dd45e864eb4a0659ff2094670af01e7eacad28d9c",
  "size": 3248965,
  "subdir": "linux-64",
  "timestamp": 1622663335295,
  "track_features": "",
  "url": "https://repo.anaconda.com/pkgs/main/linux-64/libstdcxx-ng-9.3.0-hd4cf53a_17.conda",
  "version": "9.3.0"
}