{
  "build": "py38h7b6447c_1",
  "build_number": 1,
  "channel": "https://repo.anaconda.com/pkgs/main/linux-64",
  "constrains": [],
  "depends": [
    "libgcc-ng >=7.3.0",
    "python >=3.8,<3.9.0a0"
  ],
  "extracted_package_dir": "/root/miniconda3/pkgs/pycosat-0.6.3-py38h7b6447c_1",
  "features": "",
  "files": [
    "lib/python3.8/site-packages/__pycache__/test_pycosat.cpython-38.pyc",
    "lib/python3.8/site-packages/pycosat-0.6.3-py3.8.egg-info",
    "lib/python3.8/site-packages/pycosat.cpython-38-x86_64-linux-gnu.so",
    "lib/python3.8/site-packages/test_pycosat.py"
  ],
  "fn": "pycosat-0.6.3-py38h7b6447c_1.conda",
  "legacy_bz2_md5": "aa60e2397c45873d233be8f41ad22ede",
  "legacy_bz2_size": 109687,
  "license": "MIT",
  "link": {
    "source": "/root/miniconda3/pkgs/pycosat-0.6.3-py38h7b6447c_1",
    "type": 1
  },
  "md5": "4549fa8bc89c922705e0d20374076081",
  "name": "pycosat",
  "package_tarball_full_path": "/root/miniconda3/pkgs/pycosat-0.6.3-py38h7b6447c_1.conda",
  "paths_data": {
    "paths": [],
    "paths_version": 1
  },
  "requested_spec": "pycosat==0.6.3=py38h7b6447c_1",
  "sha256": "39a9ea37e5ffa41413148a5fdd4c6fccc2adc3cdd45acb118d395f6c184b25f0",
  "size": 83884,
  "subdir": "linux-64",
  "timestamp": 1588116986637,
  "track_features": "",
  "url": "https://repo.anaconda.com/pkgs/main/linux-64/pycosat-0.6.3-py38h7b6447c_1.conda",
  "version": "0.6.3"
}