{
  "build": "pyhd3eb1b0_1",
  "build_number": 1,
  "channel": "https://repo.anaconda.com/pkgs/main/noarch",
  "constrains": [],
  "depends": [
    "cryptography >=2.8",
    "python",
    "six >=1.5.2"
  ],
  "extracted_package_dir": "/root/miniconda3/pkgs/pyopenssl-20.0.1-pyhd3eb1b0_1",
  "features": "",
  "files": [
    "lib/python3.8/site-packages/OpenSSL/SSL.py",
    "lib/python3.8/site-packages/OpenSSL/__init__.py",
    "lib/python3.8/site-packages/OpenSSL/_util.py",
    "lib/python3.8/site-packages/OpenSSL/crypto.py",
    "lib/python3.8/site-packages/OpenSSL/debug.py",
    "lib/python3.8/site-packages/OpenSSL/rand.py",
    "lib/python3.8/site-packages/OpenSSL/version.py",
    "lib/python3.8/site-packages/pyOpenSSL-20.0.1.dist-info/INSTALLER",
    "lib/python3.8/site-packages/pyOpenSSL-20.0.1.dist-info/LICENSE",
    "lib/python3.8/site-packages/pyOpenSSL-20.0.1.dist-info/METADATA",
    "lib/python3.8/site-packages/pyOpenSSL-20.0.1.dist-info/RECORD",
    "lib/python3.8/site-packages/pyOpenSSL-20.0.1.dist-info/REQUESTED",
    "lib/python3.8/site-packages/pyOpenSSL-20.0.1.dist-info/WHEEL",
    "lib/python3.8/site-packages/pyOpenSSL-20.0.1.dist-info/direct_url.json",
    "lib/python3.8/site-packages/pyOpenSSL-20.0.1.dist-info/top_level.txt",
    "lib/python3.8/site-packages/OpenSSL/__pycache__/SSL.cpython-38.pyc",
    "lib/python3.8/site-packages/OpenSSL/__pycache__/__init__.cpython-38.pyc",
    "lib/python3.8/site-packages/OpenSSL/__pycache__/_util.cpython-38.pyc",
    "lib/python3.8/site-packages/OpenSSL/__pycache__/crypto.cpython-38.pyc",
    "lib/python3.8/site-packages/OpenSSL/__pycache__/debug.cpython-38.pyc",
    "lib/python3.8/site-packages/OpenSSL/__pycache__/rand.cpython-38.pyc",
    "lib/python3.8/site-packages/OpenSSL/__pycache__/version.cpython-38.pyc"
  ],
  "fn": "pyopenssl-20.0.1-pyhd3eb1b0_1.conda",
  "legacy_bz2_md5": "525075d4b015206933ba28ceb5163d63",
  "legacy_bz2_size": 49074,
  "license": "Apache 2.0",
  "license_family": "Apache",
  "link": {
    "source": "/root/miniconda3/pkgs/pyopenssl-20.0.1-pyhd3eb1b0_1",
    "type": 1
  },
  "md5": "ac62ddccf2e89f7a35867b2478a278af",
  "name": "pyopenssl",
  "noarch": "python",
  "package_tarball_full_path": "/root/miniconda3/pkgs/pyopenssl-20.0.1-pyhd3eb1b0_1.conda",
  "package_type": "noarch_python",
  "paths_data": {
    "paths": [
      {
        "_path": "lib/python3.8/site-packages/OpenSSL/__pycache__/SSL.cpython-38.pyc",
        "path_type": "pyc_file"
      },
      {
        "_path": "lib/python3.8/site-packages/OpenSSL/__pycache__/__init__.cpython-38.pyc",
        "path_type": "pyc_file"
      },
      {
        "_path": "lib/python3.8/site-packages/OpenSSL/__pycache__/_util.cpython-38.pyc",
        "path_type": "pyc_file"
      },
      {
        "_path": "lib/python3.8/site-packages/OpenSSL/__pycache__/crypto.cpython-38.pyc",
        "path_type": "pyc_file"
      },
      {
        "_path": "lib/python3.8/site-packages/OpenSSL/__pycache__/debug.cpython-38.pyc",
        "path_type": "pyc_file"
      },
      {
        "_path": "lib/python3.8/site-packages/OpenSSL/__pycache__/rand.cpython-38.pyc",
        "path_type": "pyc_file"
      },
      {
        "_path": "lib/python3.8/site-packages/OpenSSL/__pycache__/version.cpython-38.pyc",
        "path_type": "pyc_file"
      }
    ],
    "paths_version": 1
  },
  "requested_spec": "pyopenssl==20.0.1=pyhd3eb1b0_1",
  "sha256": "b85bc153d977c4a950e58a767df11b4153d681fcef023233006320731cf1ddc1",
  "size": 50088,
  "subdir": "noarch",
  "timestamp": 1608057995890,
  "track_features": "",
  "url": "https://repo.anaconda.com/pkgs/main/noarch/pyopenssl-20.0.1-pyhd3eb1b0_1.conda",
  "version": "20.0.1"
}