{
  "build": "py38h06a4308_0",
  "build_number": 0,
  "channel": "https://repo.anaconda.com/pkgs/main/linux-64",
  "constrains": [],
  "depends": [
    "python >=3.8,<3.9.0a0"
  ],
  "extracted_package_dir": "/root/miniconda3/pkgs/pysocks-1.7.1-py38h06a4308_0",
  "features": "",
  "files": [
    "lib/python3.8/site-packages/PySocks-1.7.1.dist-info/INSTALLER",
    "lib/python3.8/site-packages/PySocks-1.7.1.dist-info/LICENSE",
    "lib/python3.8/site-packages/PySocks-1.7.1.dist-info/METADATA",
    "lib/python3.8/site-packages/PySocks-1.7.1.dist-info/RECORD",
    "lib/python3.8/site-packages/PySocks-1.7.1.dist-info/REQUESTED",
    "lib/python3.8/site-packages/PySocks-1.7.1.dist-info/WHEEL",
    "lib/python3.8/site-packages/PySocks-1.7.1.dist-info/direct_url.json",
    "lib/python3.8/site-packages/PySocks-1.7.1.dist-info/top_level.txt",
    "lib/python3.8/site-packages/__pycache__/socks.cpython-38.pyc",
    "lib/python3.8/site-packages/__pycache__/sockshandler.cpython-38.pyc",
    "lib/python3.8/site-packages/socks.py",
    "lib/python3.8/site-packages/sockshandler.py"
  ],
  "fn": "pysocks-1.7.1-py38h06a4308_0.conda",
  "legacy_bz2_md5": "3ec9d5960a2ea2ba666008fdfc9d0084",
  "legacy_bz2_size": 31276,
  "license": "BSD 3-Clause",
  "license_family": "BSD",
  "link": {
    "source": "/root/miniconda3/pkgs/pysocks-1.7.1-py38h06a4308_0",
    "type": 1
  },
  "md5": "21c67581f3a81ffbb02728eb2178d693",
  "name": "pysocks",
  "package_tarball_full_path": "/root/miniconda3/pkgs/pysocks-1.7.1-py38h06a4308_0.conda",
  "paths_data": {
    "paths": [],
    "paths_version": 1
  },
  "requested_spec": "pysocks==1.7.1=py38h06a4308_0",
  "sha256": "59e37131acb2f5125e0942bc0f28c8ee58d034a078ab136d3f4ede64ef7bbc21",
  "size": 31771,
  "subdir": "linux-64",
  "timestamp": 1605305807726,
  "track_features": "",
  "url": "https://repo.anaconda.com/pkgs/main/linux-64/pysocks-1.7.1-py38h06a4308_0.conda",
  "version": "1.7.1"
}