{
  "build": "pyhd3eb1b0_0",
  "build_number": 0,
  "channel": "https://repo.anaconda.com/pkgs/main/noarch",
  "constrains": [],
  "depends": [
    "certifi >=2017.4.17",
    "chardet >=3.0.2,<5",
    "idna >=2.5,<3",
    "python",
    "urllib3 >=1.21.1,<1.27"
  ],
  "extracted_package_dir": "/root/miniconda3/pkgs/requests-2.25.1-pyhd3eb1b0_0",
  "features": "",
  "files": [
    "lib/python3.8/site-packages/requests-2.25.1.dist-info/INSTALLER",
    "lib/python3.8/site-packages/requests-2.25.1.dist-info/LICENSE",
    "lib/python3.8/site-packages/requests-2.25.1.dist-info/METADATA",
    "lib/python3.8/site-packages/requests-2.25.1.dist-info/RECORD",
    "lib/python3.8/site-packages/requests-2.25.1.dist-info/REQUESTED",
    "lib/python3.8/site-packages/requests-2.25.1.dist-info/WHEEL",
    "lib/python3.8/site-packages/requests-2.25.1.dist-info/direct_url.json",
    "lib/python3.8/site-packages/requests-2.25.1.dist-info/top_level.txt",
    "lib/python3.8/site-packages/requests/__init__.py",
    "lib/python3.8/site-packages/requests/__version__.py",
    "lib/python3.8/site-packages/requests/_internal_utils.py",
    "lib/python3.8/site-packages/requests/adapters.py",
    "lib/python3.8/site-packages/requests/api.py",
    "lib/python3.8/site-packages/requests/auth.py",
    "lib/python3.8/site-packages/requests/certs.py",
    "lib/python3.8/site-packages/requests/compat.py",
    "lib/python3.8/site-packages/requests/cookies.py",
    "lib/python3.8/site-packages/requests/exceptions.py",
    "lib/python3.8/site-packages/requests/help.py",
    "lib/python3.8/site-packages/requests/hooks.py",
    "lib/python3.8/site-packages/requests/models.py",
    "lib/python3.8/site-packages/requests/packages.py",
    "lib/python3.8/site-packages/requests/sessions.py",
    "lib/python3.8/site-packages/requests/status_codes.py",
    "lib/python3.8/site-packages/requests/structures.py",
    "lib/python3.8/site-packages/requests/utils.py",
    "lib/python3.8/site-packages/requests/__pycache__/__init__.cpython-38.pyc",
    "lib/python3.8/site-packages/requests/__pycache__/__version__.cpython-38.pyc",
    "lib/python3.8/site-packages/requests/__pycache__/_internal_utils.cpython-38.pyc",
    "lib/python3.8/site-packages/requests/__pycache__/adapters.cpython-38.pyc",
    "lib/python3.8/site-packages/requests/__pycache__/api.cpython-38.pyc",
    "lib/python3.8/site-packages/requests/__pycache__/auth.cpython-38.pyc",
    "lib/python3.8/site-packages/requests/__pycache__/certs.cpython-38.pyc",
    "lib/python3.8/site-packages/requests/__pycache__/compat.cpython-38.pyc",
    "lib/python3.8/site-packages/requests/__pycache__/cookies.cpython-38.pyc",
    "lib/python3.8/site-packages/requests/__pycache__/exceptions.cpython-38.pyc",
    "lib/python3.8/site-packages/requests/__pycache__/help.cpython-38.pyc",
    "lib/python3.8/site-packages/requests/__pycache__/hooks.cpython-38.pyc",
    "lib/python3.8/site-packages/requests/__pycache__/models.cpython-38.pyc",
    "lib/python3.8/site-packages/requests/__pycache__/packages.cpython-38.pyc",
    "lib/python3.8/site-packages/requests/__pycache__/sessions.cpython-38.pyc",
    "lib/python3.8/site-packages/requests/__pycache__/status_codes.cpython-38.pyc",
    "lib/python3.8/site-packages/requests/__pycache__/structures.cpython-38.pyc",
    "lib/python3.8/site-packages/requests/__pycache__/utils.cpython-38.pyc"
  ],
  "fn": "requests-2.25.1-pyhd3eb1b0_0.conda",
  "legacy_bz2_md5": "b403001a8842763085ec42a635ab8a64",
  "legacy_bz2_size": 52418,
  "license": "Apache-2.0",
  "link": {
    "source": "/root/miniconda3/pkgs/requests-2.25.1-pyhd3eb1b0_0",
    "type": 1
  },
  "md5": "9d30b41b315403c7c74793b9b8d88580",
  "name": "requests",
  "noarch": "python",
  "package_tarball_full_path": "/root/miniconda3/pkgs/requests-2.25.1-pyhd3eb1b0_0.conda",
  "package_type": "noarch_python",
  "paths_data": {
    "paths": [
      {
        "_path": "lib/python3.8/site-packages/requests/__pycache__/__init__.cpython-38.pyc",
        "path_type": "pyc_file"
      },
      {
        "_path": "lib/python3.8/site-packages/requests/__pycache__/__version__.cpython-38.pyc",
        "path_type": "pyc_file"
      },
      {
        "_path": "lib/python3.8/site-packages/requests/__pycache__/_internal_utils.cpython-38.pyc",
        "path_type": "pyc_file"
      },
      {
        "_path": "lib/python3.8/site-packages/requests/__pycache__/adapters.cpython-38.pyc",
        "path_type": "pyc_file"
      },
      {
        "_path": "lib/python3.8/site-packages/requests/__pycache__/api.cpython-38.pyc",
        "path_type": "pyc_file"
      },
      {
        "_path": "lib/python3.8/site-packages/requests/__pycache__/auth.cpython-38.pyc",
        "path_type": "pyc_file"
      },
      {
        "_path": "lib/python3.8/site-packages/requests/__pycache__/certs.cpython-38.pyc",
        "path_type": "pyc_file"
      },
      {
        "_path": "lib/python3.8/site-packages/requests/__pycache__/compat.cpython-38.pyc",
        "path_type": "pyc_file"
      },
      {
        "_path": "lib/python3.8/site-packages/requests/__pycache__/cookies.cpython-38.pyc",
        "path_type": "pyc_file"
      },
      {
        "_path": "lib/python3.8/site-packages/requests/__pycache__/exceptions.cpython-38.pyc",
        "path_type": "pyc_file"
      },
      {
        "_path": "lib/python3.8/site-packages/requests/__pycache__/help.cpython-38.pyc",
        "path_type": "pyc_file"
      },
      {
        "_path": "lib/python3.8/site-packages/requests/__pycache__/hooks.cpython-38.pyc",
        "path_type": "pyc_file"
      },
      {
        "_path": "lib/python3.8/site-packages/requests/__pycache__/models.cpython-38.pyc",
        "path_type": "pyc_file"
      },
      {
        "_path": "lib/python3.8/site-packages/requests/__pycache__/packages.cpython-38.pyc",
        "path_type": "pyc_file"
      },
      {
        "_path": "lib/python3.8/site-packages/requests/__pycache__/sessions.cpython-38.pyc",
        "path_type": "pyc_file"
      },
      {
        "_path": "lib/python3.8/site-packages/requests/__pycache__/status_codes.cpython-38.pyc",
        "path_type": "pyc_file"
      },
      {
        "_path": "lib/python3.8/site-packages/requests/__pycache__/structures.cpython-38.pyc",
        "path_type": "pyc_file"
      },
      {
        "_path": "lib/python3.8/site-packages/requests/__pycache__/utils.cpython-38.pyc",
        "path_type": "pyc_file"
      }
    ],
    "paths_version": 1
  },
  "requested_spec": "requests==2.25.1=pyhd3eb1b0_0",
  "sha256": "bafbd058e982376384088ca8264aa5f2e2e57f2c74c5d7c110ff203f069a9625",
  "size": 53705,
  "subdir": "noarch",
  "timestamp": 1608241453837,
  "track_features": "",
  "url": "https://repo.anaconda.com/pkgs/main/noarch/requests-2.25.1-pyhd3eb1b0_0.conda",
  "version": "2.25.1"
}