{
  "build": "py38h27cfd23_0",
  "build_number": 0,
  "channel": "https://repo.anaconda.com/pkgs/main/linux-64",
  "constrains": [],
  "depends": [
    "libgcc-ng >=7.3.0",
    "python >=3.8,<3.9.0a0",
    "yaml >=0.2.5,<0.3.0a0"
  ],
  "extracted_package_dir": "/root/miniconda3/pkgs/ruamel_yaml-0.15.100-py38h27cfd23_0",
  "features": "",
  "files": [
    "lib/python3.8/site-packages/ruamel_yaml/__init__.py",
    "lib/python3.8/site-packages/ruamel_yaml/__pycache__/__init__.cpython-38.pyc",
    "lib/python3.8/site-packages/ruamel_yaml/__pycache__/anchor.cpython-38.pyc",
    "lib/python3.8/site-packages/ruamel_yaml/__pycache__/comments.cpython-38.pyc",
    "lib/python3.8/site-packages/ruamel_yaml/__pycache__/compat.cpython-38.pyc",
    "lib/python3.8/site-packages/ruamel_yaml/__pycache__/composer.cpython-38.pyc",
    "lib/python3.8/site-packages/ruamel_yaml/__pycache__/configobjwalker.cpython-38.pyc",
    "lib/python3.8/site-packages/ruamel_yaml/__pycache__/constructor.cpython-38.pyc",
    "lib/python3.8/site-packages/ruamel_yaml/__pycache__/cyaml.cpython-38.pyc",
    "lib/python3.8/site-packages/ruamel_yaml/__pycache__/dumper.cpython-38.pyc",
    "lib/python3.8/site-packages/ruamel_yaml/__pycache__/emitter.cpython-38.pyc",
    "lib/python3.8/site-packages/ruamel_yaml/__pycache__/error.cpython-38.pyc",
    "lib/python3.8/site-packages/ruamel_yaml/__pycache__/events.cpython-38.pyc",
    "lib/python3.8/site-packages/ruamel_yaml/__pycache__/loader.cpython-38.pyc",
    "lib/python3.8/site-packages/ruamel_yaml/__pycache__/main.cpython-38.pyc",
    "lib/python3.8/site-packages/ruamel_yaml/__pycache__/nodes.cpython-38.pyc",
    "lib/python3.8/site-packages/ruamel_yaml/__pycache__/parser.cpython-38.pyc",
    "lib/python3.8/site-packages/ruamel_yaml/__pycache__/reader.cpython-38.pyc",
    "lib/python3.8/site-packages/ruamel_yaml/__pycache__/representer.cpython-38.pyc",
    "lib/python3.8/site-packages/ruamel_yaml/__pycache__/resolver.cpython-38.pyc",
    "lib/python3.8/site-packages/ruamel_yaml/__pycache__/scalarbool.cpython-38.pyc",
    "lib/python3.8/site-packages/ruamel_yaml/__pycache__/scalarfloat.cpython-38.pyc",
    "lib/python3.8/site-packages/ruamel_yaml/__pycache__/scalarint.cpython-38.pyc",
    "lib/python3.8/site-packages/ruamel_yaml/__pycache__/scalarstring.cpython-38.pyc",
    "lib/python3.8/site-packages/ruamel_yaml/__pycache__/scanner.cpython-38.pyc",
    "lib/python3.8/site-packages/ruamel_yaml/__pycache__/serializer.cpython-38.pyc",
    "lib/python3.8/site-packages/ruamel_yaml/__pycache__/timestamp.cpython-38.pyc",
    "lib/python3.8/site-packages/ruamel_yaml/__pycache__/tokens.cpython-38.pyc",
    "lib/python3.8/site-packages/ruamel_yaml/__pycache__/util.cpython-38.pyc",
    "lib/python3.8/site-packages/ruamel_yaml/anchor.py",
    "lib/python3.8/site-packages/ruamel_yaml/comments.py",
    "lib/python3.8/site-packages/ruamel_yaml/compat.py",
    "lib/python3.8/site-packages/ruamel_yaml/composer.py",
    "lib/python3.8/site-packages/ruamel_yaml/configobjwalker.py",
    "lib/python3.8/site-packages/ruamel_yaml/constructor.py",
    "lib/python3.8/site-packages/ruamel_yaml/cyaml.py",
    "lib/python3.8/site-packages/ruamel_yaml/dumper.py",
    "lib/python3.8/site-packages/ruamel_yaml/emitter.py",
    "lib/python3.8/site-packages/ruamel_yaml/error.py",
    "lib/python3.8/site-packages/ruamel_yaml/events.py",
    "lib/python3.8/site-packages/ruamel_yaml/ext/__init__.py",
    "lib/python3.8/site-packages/ruamel_yaml/ext/__pycache__/__init__.cpython-38.pyc",
    "lib/python3.8/site-packages/ruamel_yaml/ext/_ruamel_yaml.cpython-38-x86_64-linux-gnu.so",
    "lib/python3.8/site-packages/ruamel_yaml/loader.py",
    "lib/python3.8/site-packages/ruamel_yaml/main.py",
    "lib/python3.8/site-packages/ruamel_yaml/nodes.py",
    "lib/python3.8/site-packages/ruamel_yaml/parser.py",
    "lib/python3.8/site-packages/ruamel_yaml/reader.py",
    "lib/python3.8/site-packages/ruamel_yaml/representer.py",
    "lib/python3.8/site-packages/ruamel_yaml/resolver.py",
    "lib/python3.8/site-packages/ruamel_yaml/scalarbool.py",
    "lib/python3.8/site-packages/ruamel_yaml/scalarfloat.py",
    "lib/python3.8/site-packages/ruamel_yaml/scalarint.py",
    "lib/python3.8/site-packages/ruamel_yaml/scalarstring.py",
    "lib/python3.8/site-packages/ruamel_yaml/scanner.py",
    "lib/python3.8/site-packages/ruamel_yaml/serializer.py",
    "lib/python3.8/site-packages/ruamel_yaml/timestamp.py",
    "lib/python3.8/site-packages/ruamel_yaml/tokens.py",
    "lib/python3.8/site-packages/ruamel_yaml/util.py",
    "lib/python3.8/site-packages/ruamel_yaml_conda-0.15.100.dist-info/INSTALLER",
    "lib/python3.8/site-packages/ruamel_yaml_conda-0.15.100.dist-info/LICENSE",
    "lib/python3.8/site-packages/ruamel_yaml_conda-0.15.100.dist-info/METADATA",
    "lib/python3.8/site-packages/ruamel_yaml_conda-0.15.100.dist-info/RECORD",
    "lib/python3.8/site-packages/ruamel_yaml_conda-0.15.100.dist-info/REQUESTED",
    "lib/python3.8/site-packages/ruamel_yaml_conda-0.15.100.dist-info/WHEEL",
    "lib/python3.8/site-packages/ruamel_yaml_conda-0.15.100.dist-info/direct_url.json",
    "lib/python3.8/site-packages/ruamel_yaml_conda-0.15.100.dist-info/top_level.txt"
  ],
  "fn": "ruamel_yaml-0.15.100-py38h27cfd23_0.conda",
  "legacy_bz2_md5": "231800246340ebc12c7584ca25ec81b3",
  "legacy_bz2_size": 276803,
  "license": "MIT",
  "license_family": "MIT",
  "link": {
    "source": "/root/miniconda3/pkgs/ruamel_yaml-0.15.100-py38h27cfd23_0",
    "type": 1
  },
  "md5": "8c730d152d02992fd6c82a5dffee98f3",
  "name": "ruamel_yaml",
  "package_tarball_full_path": "/root/miniconda3/pkgs/ruamel_yaml-0.15.100-py38h27cfd23_0.conda",
  "paths_data": {
    "paths": [],
    "paths_version": 1
  },
  "requested_spec": "ruamel_yaml==0.15.100=py38h27cfd23_0",
  "sha256": "d4457afbea7bfb34189d5f7c0b24680ae1ee3a3b39e698c96d0a083cdca22d84",
  "size": 263785,
  "subdir": "linux-64",
  "timestamp": 1616016764495,
  "track_features": "",
  "url": "https://repo.anaconda.com/pkgs/main/linux-64/ruamel_yaml-0.15.100-py38h27cfd23_0.conda",
  "version": "0.15.100"
}