{
  "build": "py38h06a4308_0",
  "build_number": 0,
  "channel": "https://repo.anaconda.com/pkgs/main/linux-64",
  "constrains": [],
  "depends": [
    "certifi >=2016.9.26",
    "python >=3.8,<3.9.0a0"
  ],
  "extracted_package_dir": "/root/miniconda3/pkgs/setuptools-52.0.0-py38h06a4308_0",
  "features": "",
  "files": [
    "lib/python3.8/site-packages/_distutils_hack/__init__.py",
    "lib/python3.8/site-packages/_distutils_hack/__pycache__/__init__.cpython-38.pyc",
    "lib/python3.8/site-packages/_distutils_hack/__pycache__/override.cpython-38.pyc",
    "lib/python3.8/site-packages/_distutils_hack/override.py",
    "lib/python3.8/site-packages/distutils-precedence.pth",
    "lib/python3.8/site-packages/pkg_resources/__init__.py",
    "lib/python3.8/site-packages/pkg_resources/__pycache__/__init__.cpython-38.pyc",
    "lib/python3.8/site-packages/pkg_resources/_vendor/__init__.py",
    "lib/python3.8/site-packages/pkg_resources/_vendor/__pycache__/__init__.cpython-38.pyc",
    "lib/python3.8/site-packages/pkg_resources/_vendor/__pycache__/appdirs.cpython-38.pyc",
    "lib/python3.8/site-packages/pkg_resources/_vendor/__pycache__/pyparsing.cpython-38.pyc",
    "lib/python3.8/site-packages/pkg_resources/_vendor/appdirs.py",
    "lib/python3.8/site-packages/pkg_resources/_vendor/packaging/__about__.py",
    "lib/python3.8/site-packages/pkg_resources/_vendor/packaging/__init__.py",
    "lib/python3.8/site-packages/pkg_resources/_vendor/packaging/__pycache__/__about__.cpython-38.pyc",
    "lib/python3.8/site-packages/pkg_resources/_vendor/packaging/__pycache__/__init__.cpython-38.pyc",
    "lib/python3.8/site-packages/pkg_resources/_vendor/packaging/__pycache__/_compat.cpython-38.pyc",
    "lib/python3.8/site-packages/pkg_resources/_vendor/packaging/__pycache__/_structures.cpython-38.pyc",
    "lib/python3.8/site-packages/pkg_resources/_vendor/packaging/__pycache__/_typing.cpython-38.pyc",
    "lib/python3.8/site-packages/pkg_resources/_vendor/packaging/__pycache__/markers.cpython-38.pyc",
    "lib/python3.8/site-packages/pkg_resources/_vendor/packaging/__pycache__/requirements.cpython-38.pyc",
    "lib/python3.8/site-packages/pkg_resources/_vendor/packaging/__pycache__/specifiers.cpython-38.pyc",
    "lib/python3.8/site-packages/pkg_resources/_vendor/packaging/__pycache__/tags.cpython-38.pyc",
    "lib/python3.8/site-packages/pkg_resources/_vendor/packaging/__pycache__/utils.cpython-38.pyc",
    "lib/python3.8/site-packages/pkg_resources/_vendor/packaging/__pycache__/version.cpython-38.pyc",
    "lib/python3.8/site-packages/pkg_resources/_vendor/packaging/_compat.py",
    "lib/python3.8/site-packages/pkg_resources/_vendor/packaging/_structures.py",
    "lib/python3.8/site-packages/pkg_resources/_vendor/packaging/_typing.py",
    "lib/python3.8/site-packages/pkg_resources/_vendor/packaging/markers.py",
    "lib/python3.8/site-packages/pkg_resources/_vendor/packaging/requirements.py",
    "lib/python3.8/site-packages/pkg_resources/_vendor/packaging/specifiers.py",
    "lib/python3.8/site-packages/pkg_resources/_vendor/packaging/tags.py",
    "lib/python3.8/site-packages/pkg_resources/_vendor/packaging/utils.py",
    "lib/python3.8/site-packages/pkg_resources/_vendor/packaging/version.py",
    "lib/python3.8/site-packages/pkg_resources/_vendor/pyparsing.py",
    "lib/python3.8/site-packages/pkg_resources/extern/__init__.py",
    "lib/python3.8/site-packages/pkg_resources/extern/__pycache__/__init__.cpython-38.pyc",
    "lib/python3.8/site-packages/pkg_resources/tests/data/my-test-package-source/__pycache__/setup.cpython-38.pyc",
    "lib/python3.8/site-packages/pkg_resources/tests/data/my-test-package-source/setup.py",
    "lib/python3.8/site-packages/setuptools-52.0.0.post20210125-py3.8.egg-info/PKG-INFO",
    "lib/python3.8/site-packages/setuptools-52.0.0.post20210125-py3.8.egg-info/SOURCES.txt",
    "lib/python3.8/site-packages/setuptools-52.0.0.post20210125-py3.8.egg-info/dependency_links.txt",
    "lib/python3.8/site-packages/setuptools-52.0.0.post20210125-py3.8.egg-info/entry_points.txt",
    "lib/python3.8/site-packages/setuptools-52.0.0.post20210125-py3.8.egg-info/requires.txt",
    "lib/python3.8/site-packages/setuptools-52.0.0.post20210125-py3.8.egg-info/top_level.txt",
    "lib/python3.8/site-packages/setuptools/__init__.py",
    "lib/python3.8/site-packages/setuptools/__pycache__/__init__.cpython-38.pyc",
    "lib/python3.8/site-packages/setuptools/__pycache__/_deprecation_warning.cpython-38.pyc",
    "lib/python3.8/site-packages/setuptools/__pycache__/_imp.cpython-38.pyc",
    "lib/python3.8/site-packages/setuptools/__pycache__/archive_util.cpython-38.pyc",
    "lib/python3.8/site-packages/setuptools/__pycache__/build_meta.cpython-38.pyc",
    "lib/python3.8/site-packages/setuptools/__pycache__/config.cpython-38.pyc",
    "lib/python3.8/site-packages/setuptools/__pycache__/dep_util.cpython-38.pyc",
    "lib/python3.8/site-packages/setuptools/__pycache__/depends.cpython-38.pyc",
    "lib/python3.8/site-packages/setuptools/__pycache__/dist.cpython-38.pyc",
    "lib/python3.8/site-packages/setuptools/__pycache__/errors.cpython-38.pyc",
    "lib/python3.8/site-packages/setuptools/__pycache__/extension.cpython-38.pyc",
    "lib/python3.8/site-packages/setuptools/__pycache__/glob.cpython-38.pyc",
    "lib/python3.8/site-packages/setuptools/__pycache__/installer.cpython-38.pyc",
    "lib/python3.8/site-packages/setuptools/__pycache__/launch.cpython-38.pyc",
    "lib/python3.8/site-packages/setuptools/__pycache__/lib2to3_ex.cpython-38.pyc",
    "lib/python3.8/site-packages/setuptools/__pycache__/monkey.cpython-38.pyc",
    "lib/python3.8/site-packages/setuptools/__pycache__/msvc.cpython-38.pyc",
    "lib/python3.8/site-packages/setuptools/__pycache__/namespaces.cpython-38.pyc",
    "lib/python3.8/site-packages/setuptools/__pycache__/package_index.cpython-38.pyc",
    "lib/python3.8/site-packages/setuptools/__pycache__/py34compat.cpython-38.pyc",
    "lib/python3.8/site-packages/setuptools/__pycache__/sandbox.cpython-38.pyc",
    "lib/python3.8/site-packages/setuptools/__pycache__/ssl_support.cpython-38.pyc",
    "lib/python3.8/site-packages/setuptools/__pycache__/unicode_utils.cpython-38.pyc",
    "lib/python3.8/site-packages/setuptools/__pycache__/version.cpython-38.pyc",
    "lib/python3.8/site-packages/setuptools/__pycache__/wheel.cpython-38.pyc",
    "lib/python3.8/site-packages/setuptools/__pycache__/windows_support.cpython-38.pyc",
    "lib/python3.8/site-packages/setuptools/_deprecation_warning.py",
    "lib/python3.8/site-packages/setuptools/_distutils/__init__.py",
    "lib/python3.8/site-packages/setuptools/_distutils/__pycache__/__init__.cpython-38.pyc",
    "lib/python3.8/site-packages/setuptools/_distutils/__pycache__/_msvccompiler.cpython-38.pyc",
    "lib/python3.8/site-packages/setuptools/_distutils/__pycache__/archive_util.cpython-38.pyc",
    "lib/python3.8/site-packages/setuptools/_distutils/__pycache__/bcppcompiler.cpython-38.pyc",
    "lib/python3.8/site-packages/setuptools/_distutils/__pycache__/ccompiler.cpython-38.pyc",
    "lib/python3.8/site-packages/setuptools/_distutils/__pycache__/cmd.cpython-38.pyc",
    "lib/python3.8/site-packages/setuptools/_distutils/__pycache__/config.cpython-38.pyc",
    "lib/python3.8/site-packages/setuptools/_distutils/__pycache__/core.cpython-38.pyc",
    "lib/python3.8/site-packages/setuptools/_distutils/__pycache__/cygwinccompiler.cpython-38.pyc",
    "lib/python3.8/site-packages/setuptools/_distutils/__pycache__/debug.cpython-38.pyc",
    "lib/python3.8/site-packages/setuptools/_distutils/__pycache__/dep_util.cpython-38.pyc",
    "lib/python3.8/site-packages/setuptools/_distutils/__pycache__/dir_util.cpython-38.pyc",
    "lib/python3.8/site-packages/setuptools/_distutils/__pycache__/dist.cpython-38.pyc",
    "lib/python3.8/site-packages/setuptools/_distutils/__pycache__/errors.cpython-38.pyc",
    "lib/python3.8/site-packages/setuptools/_distutils/__pycache__/extension.cpython-38.pyc",
    "lib/python3.8/site-packages/setuptools/_distutils/__pycache__/fancy_getopt.cpython-38.pyc",
    "lib/python3.8/site-packages/setuptools/_distutils/__pycache__/file_util.cpython-38.pyc",
    "lib/python3.8/site-packages/setuptools/_distutils/__pycache__/filelist.cpython-38.pyc",
    "lib/python3.8/site-packages/setuptools/_distutils/__pycache__/log.cpython-38.pyc",
    "lib/python3.8/site-packages/setuptools/_distutils/__pycache__/msvc9compiler.cpython-38.pyc",
    "lib/python3.8/site-packages/setuptools/_distutils/__pycache__/msvccompiler.cpython-38.pyc",
    "lib/python3.8/site-packages/setuptools/_distutils/__pycache__/py35compat.cpython-38.pyc",
    "lib/python3.8/site-packages/setuptools/_distutils/__pycache__/py38compat.cpython-38.pyc",
    "lib/python3.8/site-packages/setuptools/_distutils/__pycache__/spawn.cpython-38.pyc",
    "lib/python3.8/site-packages/setuptools/_distutils/__pycache__/sysconfig.cpython-38.pyc",
    "lib/python3.8/site-packages/setuptools/_distutils/__pycache__/text_file.cpython-38.pyc",
    "lib/python3.8/site-packages/setuptools/_distutils/__pycache__/unixccompiler.cpython-38.pyc",
    "lib/python3.8/site-packages/setuptools/_distutils/__pycache__/util.cpython-38.pyc",
    "lib/python3.8/site-packages/setuptools/_distutils/__pycache__/version.cpython-38.pyc",
    "lib/python3.8/site-packages/setuptools/_distutils/__pycache__/versionpredicate.cpython-38.pyc",
    "lib/python3.8/site-packages/setuptools/_distutils/_msvccompiler.py",
    "lib/python3.8/site-packages/setuptools/_distutils/archive_util.py",
    "lib/python3.8/site-packages/setuptools/_distutils/bcppcompiler.py",
    "lib/python3.8/site-packages/setuptools/_distutils/ccompiler.py",
    "lib/python3.8/site-packages/setuptools/_distutils/cmd.py",
    "lib/python3.8/site-packages/setuptools/_distutils/command/__init__.py",
    "lib/python3.8/site-packages/setuptools/_distutils/command/__pycache__/__init__.cpython-38.pyc",
    "lib/python3.8/site-packages/setuptools/_distutils/command/__pycache__/bdist.cpython-38.pyc",
    "lib/python3.8/site-packages/setuptools/_distutils/command/__pycache__/bdist_dumb.cpython-38.pyc",
    "lib/python3.8/site-packages/setuptools/_distutils/command/__pycache__/bdist_msi.cpython-38.pyc",
    "lib/python3.8/site-packages/setuptools/_distutils/command/__pycache__/bdist_rpm.cpython-38.pyc",
    "lib/python3.8/site-packages/setuptools/_distutils/command/__pycache__/bdist_wininst.cpython-38.pyc",
    "lib/python3.8/site-packages/setuptools/_distutils/command/__pycache__/build.cpython-38.pyc",
    "lib/python3.8/site-packages/setuptools/_distutils/command/__pycache__/build_clib.cpython-38.pyc",
    "lib/python3.8/site-packages/setuptools/_distutils/command/__pycache__/build_ext.cpython-38.pyc",
    "lib/python3.8/site-packages/setuptools/_distutils/command/__pycache__/build_py.cpython-38.pyc",
    "lib/python3.8/site-packages/setuptools/_distutils/command/__pycache__/build_scripts.cpython-38.pyc",
    "lib/python3.8/site-packages/setuptools/_distutils/command/__pycache__/check.cpython-38.pyc",
    "lib/python3.8/site-packages/setuptools/_distutils/command/__pycache__/clean.cpython-38.pyc",
    "lib/python3.8/site-packages/setuptools/_distutils/command/__pycache__/config.cpython-38.pyc",
    "lib/python3.8/site-packages/setuptools/_distutils/command/__pycache__/install.cpython-38.pyc",
    "lib/python3.8/site-packages/setuptools/_distutils/command/__pycache__/install_data.cpython-38.pyc",
    "lib/python3.8/site-packages/setuptools/_distutils/command/__pycache__/install_egg_info.cpython-38.pyc",
    "lib/python3.8/site-packages/setuptools/_distutils/command/__pycache__/install_headers.cpython-38.pyc",
    "lib/python3.8/site-packages/setuptools/_distutils/command/__pycache__/install_lib.cpython-38.pyc",
    "lib/python3.8/site-packages/setuptools/_distutils/command/__pycache__/install_scripts.cpython-38.pyc",
    "lib/python3.8/site-packages/setuptools/_distutils/command/__pycache__/py37compat.cpython-38.pyc",
    "lib/python3.8/site-packages/setuptools/_distutils/command/__pycache__/register.cpython-38.pyc",
    "lib/python3.8/site-packages/setuptools/_distutils/command/__pycache__/sdist.cpython-38.pyc",
    "lib/python3.8/site-packages/setuptools/_distutils/command/__pycache__/upload.cpython-38.pyc",
    "lib/python3.8/site-packages/setuptools/_distutils/command/bdist.py",
    "lib/python3.8/site-packages/setuptools/_distutils/command/bdist_dumb.py",
    "lib/python3.8/site-packages/setuptools/_distutils/command/bdist_msi.py",
    "lib/python3.8/site-packages/setuptools/_distutils/command/bdist_rpm.py",
    "lib/python3.8/site-packages/setuptools/_distutils/command/bdist_wininst.py",
    "lib/python3.8/site-packages/setuptools/_distutils/command/build.py",
    "lib/python3.8/site-packages/setuptools/_distutils/command/build_clib.py",
    "lib/python3.8/site-packages/setuptools/_distutils/command/build_ext.py",
    "lib/python3.8/site-packages/setuptools/_distutils/command/build_py.py",
    "lib/python3.8/site-packages/setuptools/_distutils/command/build_scripts.py",
    "lib/python3.8/site-packages/setuptools/_distutils/command/check.py",
    "lib/python3.8/site-packages/setuptools/_distutils/command/clean.py",
    "lib/python3.8/site-packages/setuptools/_distutils/command/config.py",
    "lib/python3.8/site-packages/setuptools/_distutils/command/install.py",
    "lib/python3.8/site-packages/setuptools/_distutils/command/install_data.py",
    "lib/python3.8/site-packages/setuptools/_distutils/command/install_egg_info.py",
    "lib/python3.8/site-packages/setuptools/_distutils/command/install_headers.py",
    "lib/python3.8/site-packages/setuptools/_distutils/command/install_lib.py",
    "lib/python3.8/site-packages/setuptools/_distutils/command/install_scripts.py",
    "lib/python3.8/site-packages/setuptools/_distutils/command/py37compat.py",
    "lib/python3.8/site-packages/setuptools/_distutils/command/register.py",
    "lib/python3.8/site-packages/setuptools/_distutils/command/sdist.py",
    "lib/python3.8/site-packages/setuptools/_distutils/command/upload.py",
    "lib/python3.8/site-packages/setuptools/_distutils/config.py",
    "lib/python3.8/site-packages/setuptools/_distutils/core.py",
    "lib/python3.8/site-packages/setuptools/_distutils/cygwinccompiler.py",
    "lib/python3.8/site-packages/setuptools/_distutils/debug.py",
    "lib/python3.8/site-packages/setuptools/_distutils/dep_util.py",
    "lib/python3.8/site-packages/setuptools/_distutils/dir_util.py",
    "lib/python3.8/site-packages/setuptools/_distutils/dist.py",
    "lib/python3.8/site-packages/setuptools/_distutils/errors.py",
    "lib/python3.8/site-packages/setuptools/_distutils/extension.py",
    "lib/python3.8/site-packages/setuptools/_distutils/fancy_getopt.py",
    "lib/python3.8/site-packages/setuptools/_distutils/file_util.py",
    "lib/python3.8/site-packages/setuptools/_distutils/filelist.py",
    "lib/python3.8/site-packages/setuptools/_distutils/log.py",
    "lib/python3.8/site-packages/setuptools/_distutils/msvc9compiler.py",
    "lib/python3.8/site-packages/setuptools/_distutils/msvccompiler.py",
    "lib/python3.8/site-packages/setuptools/_distutils/py35compat.py",
    "lib/python3.8/site-packages/setuptools/_distutils/py38compat.py",
    "lib/python3.8/site-packages/setuptools/_distutils/spawn.py",
    "lib/python3.8/site-packages/setuptools/_distutils/sysconfig.py",
    "lib/python3.8/site-packages/setuptools/_distutils/text_file.py",
    "lib/python3.8/site-packages/setuptools/_distutils/unixccompiler.py",
    "lib/python3.8/site-packages/setuptools/_distutils/util.py",
    "lib/python3.8/site-packages/setuptools/_distutils/version.py",
    "lib/python3.8/site-packages/setuptools/_distutils/versionpredicate.py",
    "lib/python3.8/site-packages/setuptools/_imp.py",
    "lib/python3.8/site-packages/setuptools/_vendor/__init__.py",
    "lib/python3.8/site-packages/setuptools/_vendor/__pycache__/__init__.cpython-38.pyc",
    "lib/python3.8/site-packages/setuptools/_vendor/__pycache__/ordered_set.cpython-38.pyc",
    "lib/python3.8/site-packages/setuptools/_vendor/__pycache__/pyparsing.cpython-38.pyc",
    "lib/python3.8/site-packages/setuptools/_vendor/ordered_set.py",
    "lib/python3.8/site-packages/setuptools/_vendor/packaging/__about__.py",
    "lib/python3.8/site-packages/setuptools/_vendor/packaging/__init__.py",
    "lib/python3.8/site-packages/setuptools/_vendor/packaging/__pycache__/__about__.cpython-38.pyc",
    "lib/python3.8/site-packages/setuptools/_vendor/packaging/__pycache__/__init__.cpython-38.pyc",
    "lib/python3.8/site-packages/setuptools/_vendor/packaging/__pycache__/_compat.cpython-38.pyc",
    "lib/python3.8/site-packages/setuptools/_vendor/packaging/__pycache__/_structures.cpython-38.pyc",
    "lib/python3.8/site-packages/setuptools/_vendor/packaging/__pycache__/_typing.cpython-38.pyc",
    "lib/python3.8/site-packages/setuptools/_vendor/packaging/__pycache__/markers.cpython-38.pyc",
    "lib/python3.8/site-packages/setuptools/_vendor/packaging/__pycache__/requirements.cpython-38.pyc",
    "lib/python3.8/site-packages/setuptools/_vendor/packaging/__pycache__/specifiers.cpython-38.pyc",
    "lib/python3.8/site-packages/setuptools/_vendor/packaging/__pycache__/tags.cpython-38.pyc",
    "lib/python3.8/site-packages/setuptools/_vendor/packaging/__pycache__/utils.cpython-38.pyc",
    "lib/python3.8/site-packages/setuptools/_vendor/packaging/__pycache__/version.cpython-38.pyc",
    "lib/python3.8/site-packages/setuptools/_vendor/packaging/_compat.py",
    "lib/python3.8/site-packages/setuptools/_vendor/packaging/_structures.py",
    "lib/python3.8/site-packages/setuptools/_vendor/packaging/_typing.py",
    "lib/python3.8/site-packages/setuptools/_vendor/packaging/markers.py",
    "lib/python3.8/site-packages/setuptools/_vendor/packaging/requirements.py",
    "lib/python3.8/site-packages/setuptools/_vendor/packaging/specifiers.py",
    "lib/python3.8/site-packages/setuptools/_vendor/packaging/tags.py",
    "lib/python3.8/site-packages/setuptools/_vendor/packaging/utils.py",
    "lib/python3.8/site-packages/setuptools/_vendor/packaging/version.py",
    "lib/python3.8/site-packages/setuptools/_vendor/pyparsing.py",
    "lib/python3.8/site-packages/setuptools/archive_util.py",
    "lib/python3.8/site-packages/setuptools/build_meta.py",
    "lib/python3.8/site-packages/setuptools/cli-32.exe",
    "lib/python3.8/site-packages/setuptools/cli-64.exe",
    "lib/python3.8/site-packages/setuptools/cli.exe",
    "lib/python3.8/site-packages/setuptools/command/__init__.py",
    "lib/python3.8/site-packages/setuptools/command/__pycache__/__init__.cpython-38.pyc",
    "lib/python3.8/site-packages/setuptools/command/__pycache__/alias.cpython-38.pyc",
    "lib/python3.8/site-packages/setuptools/command/__pycache__/bdist_egg.cpython-38.pyc",
    "lib/python3.8/site-packages/setuptools/command/__pycache__/bdist_rpm.cpython-38.pyc",
    "lib/python3.8/site-packages/setuptools/command/__pycache__/bdist_wininst.cpython-38.pyc",
    "lib/python3.8/site-packages/setuptools/command/__pycache__/build_clib.cpython-38.pyc",
    "lib/python3.8/site-packages/setuptools/command/__pycache__/build_ext.cpython-38.pyc",
    "lib/python3.8/site-packages/setuptools/command/__pycache__/build_py.cpython-38.pyc",
    "lib/python3.8/site-packages/setuptools/command/__pycache__/develop.cpython-38.pyc",
    "lib/python3.8/site-packages/setuptools/command/__pycache__/dist_info.cpython-38.pyc",
    "lib/python3.8/site-packages/setuptools/command/__pycache__/easy_install.cpython-38.pyc",
    "lib/python3.8/site-packages/setuptools/command/__pycache__/egg_info.cpython-38.pyc",
    "lib/python3.8/site-packages/setuptools/command/__pycache__/install.cpython-38.pyc",
    "lib/python3.8/site-packages/setuptools/command/__pycache__/install_egg_info.cpython-38.pyc",
    "lib/python3.8/site-packages/setuptools/command/__pycache__/install_lib.cpython-38.pyc",
    "lib/python3.8/site-packages/setuptools/command/__pycache__/install_scripts.cpython-38.pyc",
    "lib/python3.8/site-packages/setuptools/command/__pycache__/py36compat.cpython-38.pyc",
    "lib/python3.8/site-packages/setuptools/command/__pycache__/register.cpython-38.pyc",
    "lib/python3.8/site-packages/setuptools/command/__pycache__/rotate.cpython-38.pyc",
    "lib/python3.8/site-packages/setuptools/command/__pycache__/saveopts.cpython-38.pyc",
    "lib/python3.8/site-packages/setuptools/command/__pycache__/sdist.cpython-38.pyc",
    "lib/python3.8/site-packages/setuptools/command/__pycache__/setopt.cpython-38.pyc",
    "lib/python3.8/site-packages/setuptools/command/__pycache__/test.cpython-38.pyc",
    "lib/python3.8/site-packages/setuptools/command/__pycache__/upload.cpython-38.pyc",
    "lib/python3.8/site-packages/setuptools/command/__pycache__/upload_docs.cpython-38.pyc",
    "lib/python3.8/site-packages/setuptools/command/alias.py",
    "lib/python3.8/site-packages/setuptools/command/bdist_egg.py",
    "lib/python3.8/site-packages/setuptools/command/bdist_rpm.py",
    "lib/python3.8/site-packages/setuptools/command/bdist_wininst.py",
    "lib/python3.8/site-packages/setuptools/command/build_clib.py",
    "lib/python3.8/site-packages/setuptools/command/build_ext.py",
    "lib/python3.8/site-packages/setuptools/command/build_py.py",
    "lib/python3.8/site-packages/setuptools/command/develop.py",
    "lib/python3.8/site-packages/setuptools/command/dist_info.py",
    "lib/python3.8/site-packages/setuptools/command/easy_install.py",
    "lib/python3.8/site-packages/setuptools/command/egg_info.py",
    "lib/python3.8/site-packages/setuptools/command/install.py",
    "lib/python3.8/site-packages/setuptools/command/install_egg_info.py",
    "lib/python3.8/site-packages/setuptools/command/install_lib.py",
    "lib/python3.8/site-packages/setuptools/command/install_scripts.py",
    "lib/python3.8/site-packages/setuptools/command/launcher manifest.xml",
    "lib/python3.8/site-packages/setuptools/command/py36compat.py",
    "lib/python3.8/site-packages/setuptools/command/register.py",
    "lib/python3.8/site-packages/setuptools/command/rotate.py",
    "lib/python3.8/site-packages/setuptools/command/saveopts.py",
    "lib/python3.8/site-packages/setuptools/command/sdist.py",
    "lib/python3.8/site-packages/setuptools/command/setopt.py",
    "lib/python3.8/site-packages/setuptools/command/test.py",
    "lib/python3.8/site-packages/setuptools/command/upload.py",
    "lib/python3.8/site-packages/setuptools/command/upload_docs.py",
    "lib/python3.8/site-packages/setuptools/config.py",
    "lib/python3.8/site-packages/setuptools/dep_util.py",
    "lib/python3.8/site-packages/setuptools/depends.py",
    "lib/python3.8/site-packages/setuptools/dist.py",
    "lib/python3.8/site-packages/setuptools/errors.py",
    "lib/python3.8/site-packages/setuptools/extension.py",
    "lib/python3.8/site-packages/setuptools/extern/__init__.py",
    "lib/python3.8/site-packages/setuptools/extern/__pycache__/__init__.cpython-38.pyc",
    "lib/python3.8/site-packages/setuptools/glob.py",
    "lib/python3.8/site-packages/setuptools/gui-32.exe",
    "lib/python3.8/site-packages/setuptools/gui-64.exe",
    "lib/python3.8/site-packages/setuptools/gui.exe",
    "lib/python3.8/site-packages/setuptools/installer.py",
    "lib/python3.8/site-packages/setuptools/launch.py",
    "lib/python3.8/site-packages/setuptools/lib2to3_ex.py",
    "lib/python3.8/site-packages/setuptools/monkey.py",
    "lib/python3.8/site-packages/setuptools/msvc.py",
    "lib/python3.8/site-packages/setuptools/namespaces.py",
    "lib/python3.8/site-packages/setuptools/package_index.py",
    "lib/python3.8/site-packages/setuptools/py34compat.py",
    "lib/python3.8/site-packages/setuptools/sandbox.py",
    "lib/python3.8/site-packages/setuptools/script (dev).tmpl",
    "lib/python3.8/site-packages/setuptools/script.tmpl",
    "lib/python3.8/site-packages/setuptools/ssl_support.py",
    "lib/python3.8/site-packages/setuptools/unicode_utils.py",
    "lib/python3.8/site-packages/setuptools/version.py",
    "lib/python3.8/site-packages/setuptools/wheel.py",
    "lib/python3.8/site-packages/setuptools/windows_support.py"
  ],
  "fn": "setuptools-52.0.0-py38h06a4308_0.conda",
  "legacy_bz2_md5": "137b633e94368d2f05b3cea65dc284c0",
  "legacy_bz2_size": 949805,
  "license": "MIT",
  "license_family": "MIT",
  "link": {
    "source": "/root/miniconda3/pkgs/setuptools-52.0.0-py38h06a4308_0",
    "type": 1
  },
  "md5": "28b5368307cefee1c0940ff14064ed9c",
  "name": "setuptools",
  "package_tarball_full_path": "/root/miniconda3/pkgs/setuptools-52.0.0-py38h06a4308_0.conda",
  "paths_data": {
    "paths": [],
    "paths_version": 1
  },
  "requested_spec": "setuptools==52.0.0=py38h06a4308_0",
  "sha256": "d5eab0eea7ad4de66f6f85fd9292a5714b2727eb3a94a31972df5685c96ffe9b",
  "size": 731157,
  "subdir": "linux-64",
  "timestamp": 1611605169910,
  "track_features": "",
  "url": "https://repo.anaconda.com/pkgs/main/linux-64/setuptools-52.0.0-py38h06a4308_0.conda",
  "version": "52.0.0"
}