{
  "build": "pyhd3eb1b0_0",
  "build_number": 0,
  "channel": "https://repo.anaconda.com/pkgs/main/noarch",
  "constrains": [],
  "depends": [
    "python"
  ],
  "extracted_package_dir": "/root/miniconda3/pkgs/six-1.16.0-pyhd3eb1b0_0",
  "features": "",
  "files": [
    "lib/python3.8/site-packages/six-1.16.0.dist-info/INSTALLER",
    "lib/python3.8/site-packages/six-1.16.0.dist-info/LICENSE",
    "lib/python3.8/site-packages/six-1.16.0.dist-info/METADATA",
    "lib/python3.8/site-packages/six-1.16.0.dist-info/RECORD",
    "lib/python3.8/site-packages/six-1.16.0.dist-info/REQUESTED",
    "lib/python3.8/site-packages/six-1.16.0.dist-info/WHEEL",
    "lib/python3.8/site-packages/six-1.16.0.dist-info/direct_url.json",
    "lib/python3.8/site-packages/six-1.16.0.dist-info/top_level.txt",
    "lib/python3.8/site-packages/six.py",
    "lib/python3.8/site-packages/__pycache__/six.cpython-38.pyc"
  ],
  "fn": "six-1.16.0-pyhd3eb1b0_0.conda",
  "legacy_bz2_md5": "4b46cefc41f565ce5a7a5d572d851c49",
  "legacy_bz2_size": 18781,
  "license": "MIT",
  "license_family": "MIT",
  "link": {
    "source": "/root/miniconda3/pkgs/six-1.16.0-pyhd3eb1b0_0",
    "type": 1
  },
  "md5": "529b369e1accc75b89f2d7e184a898d0",
  "name": "six",
  "noarch": "python",
  "package_tarball_full_path": "/root/miniconda3/pkgs/six-1.16.0-pyhd3eb1b0_0.conda",
  "package_type": "noarch_python",
  "paths_data": {
    "paths": [
      {
        "_path": "lib/python3.8/site-packages/__pycache__/six.cpython-38.pyc",
        "path_type": "pyc_file"
      }
    ],
    "paths_version": 1
  },
  "requested_spec": "six==1.16.0=pyhd3eb1b0_0",
  "sha256": "5b04aac9e55ddd591d29bb842d30c6287d7f202b7dca849b1944c172c33d7dc7",
  "size": 18538,
  "subdir": "noarch",
  "timestamp": 1623709705233,
  "track_features": "",
  "url": "https://repo.anaconda.com/pkgs/main/noarch/six-1.16.0-pyhd3eb1b0_0.conda",
  "version": "1.16.0"
}