{
  "build": "pyhd3eb1b0_1",
  "build_number": 1,
  "channel": "https://repo.anaconda.com/pkgs/main/noarch",
  "constrains": [],
  "depends": [
    "python >=2.7"
  ],
  "extracted_package_dir": "/root/miniconda3/pkgs/tqdm-4.61.2-pyhd3eb1b0_1",
  "features": "",
  "files": [
    "lib/python3.8/site-packages/tqdm-4.61.2.dist-info/INSTALLER",
    "lib/python3.8/site-packages/tqdm-4.61.2.dist-info/LICENCE",
    "lib/python3.8/site-packages/tqdm-4.61.2.dist-info/METADATA",
    "lib/python3.8/site-packages/tqdm-4.61.2.dist-info/RECORD",
    "lib/python3.8/site-packages/tqdm-4.61.2.dist-info/REQUESTED",
    "lib/python3.8/site-packages/tqdm-4.61.2.dist-info/WHEEL",
    "lib/python3.8/site-packages/tqdm-4.61.2.dist-info/direct_url.json",
    "lib/python3.8/site-packages/tqdm-4.61.2.dist-info/entry_points.txt",
    "lib/python3.8/site-packages/tqdm-4.61.2.dist-info/top_level.txt",
    "lib/python3.8/site-packages/tqdm/__init__.py",
    "lib/python3.8/site-packages/tqdm/__main__.py",
    "lib/python3.8/site-packages/tqdm/_dist_ver.py",
    "lib/python3.8/site-packages/tqdm/_main.py",
    "lib/python3.8/site-packages/tqdm/_monitor.py",
    "lib/python3.8/site-packages/tqdm/_tqdm.py",
    "lib/python3.8/site-packages/tqdm/_tqdm_gui.py",
    "lib/python3.8/site-packages/tqdm/_tqdm_notebook.py",
    "lib/python3.8/site-packages/tqdm/_tqdm_pandas.py",
    "lib/python3.8/site-packages/tqdm/_utils.py",
    "lib/python3.8/site-packages/tqdm/asyncio.py",
    "lib/python3.8/site-packages/tqdm/auto.py",
    "lib/python3.8/site-packages/tqdm/autonotebook.py",
    "lib/python3.8/site-packages/tqdm/cli.py",
    "lib/python3.8/site-packages/tqdm/completion.sh",
    "lib/python3.8/site-packages/tqdm/contrib/__init__.py",
    "lib/python3.8/site-packages/tqdm/contrib/bells.py",
    "lib/python3.8/site-packages/tqdm/contrib/concurrent.py",
    "lib/python3.8/site-packages/tqdm/contrib/discord.py",
    "lib/python3.8/site-packages/tqdm/contrib/itertools.py",
    "lib/python3.8/site-packages/tqdm/contrib/logging.py",
    "lib/python3.8/site-packages/tqdm/contrib/telegram.py",
    "lib/python3.8/site-packages/tqdm/contrib/utils_worker.py",
    "lib/python3.8/site-packages/tqdm/dask.py",
    "lib/python3.8/site-packages/tqdm/gui.py",
    "lib/python3.8/site-packages/tqdm/keras.py",
    "lib/python3.8/site-packages/tqdm/notebook.py",
    "lib/python3.8/site-packages/tqdm/rich.py",
    "lib/python3.8/site-packages/tqdm/std.py",
    "lib/python3.8/site-packages/tqdm/tk.py",
    "lib/python3.8/site-packages/tqdm/tqdm.1",
    "lib/python3.8/site-packages/tqdm/utils.py",
    "lib/python3.8/site-packages/tqdm/version.py",
    "lib/python3.8/site-packages/tqdm/__pycache__/__init__.cpython-38.pyc",
    "lib/python3.8/site-packages/tqdm/__pycache__/__main__.cpython-38.pyc",
    "lib/python3.8/site-packages/tqdm/__pycache__/_dist_ver.cpython-38.pyc",
    "lib/python3.8/site-packages/tqdm/__pycache__/_main.cpython-38.pyc",
    "lib/python3.8/site-packages/tqdm/__pycache__/_monitor.cpython-38.pyc",
    "lib/python3.8/site-packages/tqdm/__pycache__/_tqdm.cpython-38.pyc",
    "lib/python3.8/site-packages/tqdm/__pycache__/_tqdm_gui.cpython-38.pyc",
    "lib/python3.8/site-packages/tqdm/__pycache__/_tqdm_notebook.cpython-38.pyc",
    "lib/python3.8/site-packages/tqdm/__pycache__/_tqdm_pandas.cpython-38.pyc",
    "lib/python3.8/site-packages/tqdm/__pycache__/_utils.cpython-38.pyc",
    "lib/python3.8/site-packages/tqdm/__pycache__/asyncio.cpython-38.pyc",
    "lib/python3.8/site-packages/tqdm/__pycache__/auto.cpython-38.pyc",
    "lib/python3.8/site-packages/tqdm/__pycache__/autonotebook.cpython-38.pyc",
    "lib/python3.8/site-packages/tqdm/__pycache__/cli.cpython-38.pyc",
    "lib/python3.8/site-packages/tqdm/contrib/__pycache__/__init__.cpython-38.pyc",
    "lib/python3.8/site-packages/tqdm/contrib/__pycache__/bells.cpython-38.pyc",
    "lib/python3.8/site-packages/tqdm/contrib/__pycache__/concurrent.cpython-38.pyc",
    "lib/python3.8/site-packages/tqdm/contrib/__pycache__/discord.cpython-38.pyc",
    "lib/python3.8/site-packages/tqdm/contrib/__pycache__/itertools.cpython-38.pyc",
    "lib/python3.8/site-packages/tqdm/contrib/__pycache__/logging.cpython-38.pyc",
    "lib/python3.8/site-packages/tqdm/contrib/__pycache__/telegram.cpython-38.pyc",
    "lib/python3.8/site-packages/tqdm/contrib/__pycache__/utils_worker.cpython-38.pyc",
    "lib/python3.8/site-packages/tqdm/__pycache__/dask.cpython-38.pyc",
    "lib/python3.8/site-packages/tqdm/__pycache__/gui.cpython-38.pyc",
    "lib/python3.8/site-packages/tqdm/__pycache__/keras.cpython-38.pyc",
    "lib/python3.8/site-packages/tqdm/__pycache__/notebook.cpython-38.pyc",
    "lib/python3.8/site-packages/tqdm/__pycache__/rich.cpython-38.pyc",
    "lib/python3.8/site-packages/tqdm/__pycache__/std.cpython-38.pyc",
    "lib/python3.8/site-packages/tqdm/__pycache__/tk.cpython-38.pyc",
    "lib/python3.8/site-packages/tqdm/__pycache__/utils.cpython-38.pyc",
    "lib/python3.8/site-packages/tqdm/__pycache__/version.cpython-38.pyc",
    "bin/tqdm"
  ],
  "fn": "tqdm-4.61.2-pyhd3eb1b0_1.conda",
  "legacy_bz2_md5": "e4673911e67d09bb7d5ec77fb58d3b5e",
  "legacy_bz2_size": 81520,
  "license": "MPL-2.0 AND MIT",
  "license_family": "MOZILLA",
  "link": {
    "source": "/root/miniconda3/pkgs/tqdm-4.61.2-pyhd3eb1b0_1",
    "type": 1
  },
  "md5": "f061c1548e813e7544d0017a71651e04",
  "name": "tqdm",
  "noarch": "python",
  "package_tarball_full_path": "/root/miniconda3/pkgs/tqdm-4.61.2-pyhd3eb1b0_1.conda",
  "package_type": "noarch_python",
  "paths_data": {
    "paths": [
      {
        "_path": "lib/python3.8/site-packages/tqdm/__pycache__/__init__.cpython-38.pyc",
        "path_type": "pyc_file"
      },
      {
        "_path": "lib/python3.8/site-packages/tqdm/__pycache__/__main__.cpython-38.pyc",
        "path_type": "pyc_file"
      },
      {
        "_path": "lib/python3.8/site-packages/tqdm/__pycache__/_dist_ver.cpython-38.pyc",
        "path_type": "pyc_file"
      },
      {
        "_path": "lib/python3.8/site-packages/tqdm/__pycache__/_main.cpython-38.pyc",
        "path_type": "pyc_file"
      },
      {
        "_path": "lib/python3.8/site-packages/tqdm/__pycache__/_monitor.cpython-38.pyc",
        "path_type": "pyc_file"
      },
      {
        "_path": "lib/python3.8/site-packages/tqdm/__pycache__/_tqdm.cpython-38.pyc",
        "path_type": "pyc_file"
      },
      {
        "_path": "lib/python3.8/site-packages/tqdm/__pycache__/_tqdm_gui.cpython-38.pyc",
        "path_type": "pyc_file"
      },
      {
        "_path": "lib/python3.8/site-packages/tqdm/__pycache__/_tqdm_notebook.cpython-38.pyc",
        "path_type": "pyc_file"
      },
      {
        "_path": "lib/python3.8/site-packages/tqdm/__pycache__/_tqdm_pandas.cpython-38.pyc",
        "path_type": "pyc_file"
      },
      {
        "_path": "lib/python3.8/site-packages/tqdm/__pycache__/_utils.cpython-38.pyc",
        "path_type": "pyc_file"
      },
      {
        "_path": "lib/python3.8/site-packages/tqdm/__pycache__/asyncio.cpython-38.pyc",
        "path_type": "pyc_file"
      },
      {
        "_path": "lib/python3.8/site-packages/tqdm/__pycache__/auto.cpython-38.pyc",
        "path_type": "pyc_file"
      },
      {
        "_path": "lib/python3.8/site-packages/tqdm/__pycache__/autonotebook.cpython-38.pyc",
        "path_type": "pyc_file"
      },
      {
        "_path": "lib/python3.8/site-packages/tqdm/__pycache__/cli.cpython-38.pyc",
        "path_type": "pyc_file"
      },
      {
        "_path": "lib/python3.8/site-packages/tqdm/contrib/__pycache__/__init__.cpython-38.pyc",
        "path_type": "pyc_file"
      },
      {
        "_path": "lib/python3.8/site-packages/tqdm/contrib/__pycache__/bells.cpython-38.pyc",
        "path_type": "pyc_file"
      },
      {
        "_path": "lib/python3.8/site-packages/tqdm/contrib/__pycache__/concurrent.cpython-38.pyc",
        "path_type": "pyc_file"
      },
      {
        "_path": "lib/python3.8/site-packages/tqdm/contrib/__pycache__/discord.cpython-38.pyc",
        "path_type": "pyc_file"
      },
      {
        "_path": "lib/python3.8/site-packages/tqdm/contrib/__pycache__/itertools.cpython-38.pyc",
        "path_type": "pyc_file"
      },
      {
        "_path": "lib/python3.8/site-packages/tqdm/contrib/__pycache__/logging.cpython-38.pyc",
        "path_type": "pyc_file"
      },
      {
        "_path": "lib/python3.8/site-packages/tqdm/contrib/__pycache__/telegram.cpython-38.pyc",
        "path_type": "pyc_file"
      },
      {
        "_path": "lib/python3.8/site-packages/tqdm/contrib/__pycache__/utils_worker.cpython-38.pyc",
        "path_type": "pyc_file"
      },
      {
        "_path": "lib/python3.8/site-packages/tqdm/__pycache__/dask.cpython-38.pyc",
        "path_type": "pyc_file"
      },
      {
        "_path": "lib/python3.8/site-packages/tqdm/__pycache__/gui.cpython-38.pyc",
        "path_type": "pyc_file"
      },
      {
        "_path": "lib/python3.8/site-packages/tqdm/__pycache__/keras.cpython-38.pyc",
        "path_type": "pyc_file"
      },
      {
        "_path": "lib/python3.8/site-packages/tqdm/__pycache__/notebook.cpython-38.pyc",
        "path_type": "pyc_file"
      },
      {
        "_path": "lib/python3.8/site-packages/tqdm/__pycache__/rich.cpython-38.pyc",
        "path_type": "pyc_file"
      },
      {
        "_path": "lib/python3.8/site-packages/tqdm/__pycache__/std.cpython-38.pyc",
        "path_type": "pyc_file"
      },
      {
        "_path": "lib/python3.8/site-packages/tqdm/__pycache__/tk.cpython-38.pyc",
        "path_type": "pyc_file"
      },
      {
        "_path": "lib/python3.8/site-packages/tqdm/__pycache__/utils.cpython-38.pyc",
        "path_type": "pyc_file"
      },
      {
        "_path": "lib/python3.8/site-packages/tqdm/__pycache__/version.cpython-38.pyc",
        "path_type": "pyc_file"
      },
      {
        "_path": "bin/tqdm",
        "path_type": "unix_python_entry_point"
      }
    ],
    "paths_version": 1
  },
  "requested_spec": "tqdm==4.61.2=pyhd3eb1b0_1",
  "sha256": "9cbe56ee776e0a9e74348c104eb85886ef7122234b87b5215dbf95a375ac24bf",
  "size": 85346,
  "subdir": "noarch",
  "timestamp": 1625563729162,
  "track_features": "",
  "url": "https://repo.anaconda.com/pkgs/main/noarch/tqdm-4.61.2-pyhd3eb1b0_1.conda",
  "version": "4.61.2"
}