{
  "build": "pyhd3eb1b0_1",
  "build_number": 1,
  "channel": "https://repo.anaconda.com/pkgs/main/noarch",
  "constrains": [],
  "depends": [
    "brotlipy >=0.6.0",
    "certifi",
    "cryptography >=1.3.4",
    "idna >=2.0.0",
    "pyopenssl >=0.14",
    "pysocks >=1.5.6,<2.0,!=1.5.7",
    "python >=3.6,<4.0"
  ],
  "extracted_package_dir": "/root/miniconda3/pkgs/urllib3-1.26.6-pyhd3eb1b0_1",
  "features": "",
  "files": [
    "lib/python3.8/site-packages/urllib3-1.26.6.dist-info/INSTALLER",
    "lib/python3.8/site-packages/urllib3-1.26.6.dist-info/LICENSE.txt",
    "lib/python3.8/site-packages/urllib3-1.26.6.dist-info/METADATA",
    "lib/python3.8/site-packages/urllib3-1.26.6.dist-info/RECORD",
    "lib/python3.8/site-packages/urllib3-1.26.6.dist-info/REQUESTED",
    "lib/python3.8/site-packages/urllib3-1.26.6.dist-info/WHEEL",
    "lib/python3.8/site-packages/urllib3-1.26.6.dist-info/direct_url.json",
    "lib/python3.8/site-packages/urllib3-1.26.6.dist-info/top_level.txt",
    "lib/python3.8/site-packages/urllib3/__init__.py",
    "lib/python3.8/site-packages/urllib3/_collections.py",
    "lib/python3.8/site-packages/urllib3/_version.py",
    "lib/python3.8/site-packages/urllib3/connection.py",
    "lib/python3.8/site-packages/urllib3/connectionpool.py",
    "lib/python3.8/site-packages/urllib3/contrib/__init__.py",
    "lib/python3.8/site-packages/urllib3/contrib/_appengine_environ.py",
    "lib/python3.8/site-packages/urllib3/contrib/_securetransport/__init__.py",
    "lib/python3.8/site-packages/urllib3/contrib/_securetransport/bindings.py",
    "lib/python3.8/site-packages/urllib3/contrib/_securetransport/low_level.py",
    "lib/python3.8/site-packages/urllib3/contrib/appengine.py",
    "lib/python3.8/site-packages/urllib3/contrib/ntlmpool.py",
    "lib/python3.8/site-packages/urllib3/contrib/pyopenssl.py",
    "lib/python3.8/site-packages/urllib3/contrib/securetransport.py",
    "lib/python3.8/site-packages/urllib3/contrib/socks.py",
    "lib/python3.8/site-packages/urllib3/exceptions.py",
    "lib/python3.8/site-packages/urllib3/fields.py",
    "lib/python3.8/site-packages/urllib3/filepost.py",
    "lib/python3.8/site-packages/urllib3/packages/__init__.py",
    "lib/python3.8/site-packages/urllib3/packages/backports/__init__.py",
    "lib/python3.8/site-packages/urllib3/packages/backports/makefile.py",
    "lib/python3.8/site-packages/urllib3/packages/six.py",
    "lib/python3.8/site-packages/urllib3/packages/ssl_match_hostname/__init__.py",
    "lib/python3.8/site-packages/urllib3/packages/ssl_match_hostname/_implementation.py",
    "lib/python3.8/site-packages/urllib3/poolmanager.py",
    "lib/python3.8/site-packages/urllib3/request.py",
    "lib/python3.8/site-packages/urllib3/response.py",
    "lib/python3.8/site-packages/urllib3/util/__init__.py",
    "lib/python3.8/site-packages/urllib3/util/connection.py",
    "lib/python3.8/site-packages/urllib3/util/proxy.py",
    "lib/python3.8/site-packages/urllib3/util/queue.py",
    "lib/python3.8/site-packages/urllib3/util/request.py",
    "lib/python3.8/site-packages/urllib3/util/response.py",
    "lib/python3.8/site-packages/urllib3/util/retry.py",
    "lib/python3.8/site-packages/urllib3/util/ssl_.py",
    "lib/python3.8/site-packages/urllib3/util/ssltransport.py",
    "lib/python3.8/site-packages/urllib3/util/timeout.py",
    "lib/python3.8/site-packages/urllib3/util/url.py",
    "lib/python3.8/site-packages/urllib3/util/wait.py",
    "lib/python3.8/site-packages/urllib3/__pycache__/__init__.cpython-38.pyc",
    "lib/python3.8/site-packages/urllib3/__pycache__/_collections.cpython-38.pyc",
    "lib/python3.8/site-packages/urllib3/__pycache__/_version.cpython-38.pyc",
    "lib/python3.8/site-packages/urllib3/__pycache__/connection.cpython-38.pyc",
    "lib/python3.8/site-packages/urllib3/__pycache__/connectionpool.cpython-38.pyc",
    "lib/python3.8/site-packages/urllib3/contrib/__pycache__/__init__.cpython-38.pyc",
    "lib/python3.8/site-packages/urllib3/contrib/__pycache__/_appengine_environ.cpython-38.pyc",
    "lib/python3.8/site-packages/urllib3/contrib/_securetransport/__pycache__/__init__.cpython-38.pyc",
    "lib/python3.8/site-packages/urllib3/contrib/_securetransport/__pycache__/bindings.cpython-38.pyc",
    "lib/python3.8/site-packages/urllib3/contrib/_securetransport/__pycache__/low_level.cpython-38.pyc",
    "lib/python3.8/site-packages/urllib3/contrib/__pycache__/appengine.cpython-38.pyc",
    "lib/python3.8/site-packages/urllib3/contrib/__pycache__/ntlmpool.cpython-38.pyc",
    "lib/python3.8/site-packages/urllib3/contrib/__pycache__/pyopenssl.cpython-38.pyc",
    "lib/python3.8/site-packages/urllib3/contrib/__pycache__/securetransport.cpython-38.pyc",
    "lib/python3.8/site-packages/urllib3/contrib/__pycache__/socks.cpython-38.pyc",
    "lib/python3.8/site-packages/urllib3/__pycache__/exceptions.cpython-38.pyc",
    "lib/python3.8/site-packages/urllib3/__pycache__/fields.cpython-38.pyc",
    "lib/python3.8/site-packages/urllib3/__pycache__/filepost.cpython-38.pyc",
    "lib/python3.8/site-packages/urllib3/packages/__pycache__/__init__.cpython-38.pyc",
    "lib/python3.8/site-packages/urllib3/packages/backports/__pycache__/__init__.cpython-38.pyc",
    "lib/python3.8/site-packages/urllib3/packages/backports/__pycache__/makefile.cpython-38.pyc",
    "lib/python3.8/site-packages/urllib3/packages/__pycache__/six.cpython-38.pyc",
    "lib/python3.8/site-packages/urllib3/packages/ssl_match_hostname/__pycache__/__init__.cpython-38.pyc",
    "lib/python3.8/site-packages/urllib3/packages/ssl_match_hostname/__pycache__/_implementation.cpython-38.pyc",
    "lib/python3.8/site-packages/urllib3/__pycache__/poolmanager.cpython-38.pyc",
    "lib/python3.8/site-packages/urllib3/__pycache__/request.cpython-38.pyc",
    "lib/python3.8/site-packages/urllib3/__pycache__/response.cpython-38.pyc",
    "lib/python3.8/site-packages/urllib3/util/__pycache__/__init__.cpython-38.pyc",
    "lib/python3.8/site-packages/urllib3/util/__pycache__/connection.cpython-38.pyc",
    "lib/python3.8/site-packages/urllib3/util/__pycache__/proxy.cpython-38.pyc",
    "lib/python3.8/site-packages/urllib3/util/__pycache__/queue.cpython-38.pyc",
    "lib/python3.8/site-packages/urllib3/util/__pycache__/request.cpython-38.pyc",
    "lib/python3.8/site-packages/urllib3/util/__pycache__/response.cpython-38.pyc",
    "lib/python3.8/site-packages/urllib3/util/__pycache__/retry.cpython-38.pyc",
    "lib/python3.8/site-packages/urllib3/util/__pycache__/ssl_.cpython-38.pyc",
    "lib/python3.8/site-packages/urllib3/util/__pycache__/ssltransport.cpython-38.pyc",
    "lib/python3.8/site-packages/urllib3/util/__pycache__/timeout.cpython-38.pyc",
    "lib/python3.8/site-packages/urllib3/util/__pycache__/url.cpython-38.pyc",
    "lib/python3.8/site-packages/urllib3/util/__pycache__/wait.cpython-38.pyc"
  ],
  "fn": "urllib3-1.26.6-pyhd3eb1b0_1.conda",
  "legacy_bz2_md5": "7e333a7799eb59068e29ad9dc18997b2",
  "legacy_bz2_size": 108963,
  "license": "MIT",
  "license_family": "MIT",
  "link": {
    "source": "/root/miniconda3/pkgs/urllib3-1.26.6-pyhd3eb1b0_1",
    "type": 1
  },
  "md5": "5c72bc4a5a4fc0420b0e73b3acb1f52b",
  "name": "urllib3",
  "noarch": "python",
  "package_tarball_full_path": "/root/miniconda3/pkgs/urllib3-1.26.6-pyhd3eb1b0_1.conda",
  "package_type": "noarch_python",
  "paths_data": {
    "paths": [
      {
        "_path": "lib/python3.8/site-packages/urllib3/__pycache__/__init__.cpython-38.pyc",
        "path_type": "pyc_file"
      },
      {
        "_path": "lib/python3.8/site-packages/urllib3/__pycache__/_collections.cpython-38.pyc",
        "path_type": "pyc_file"
      },
      {
        "_path": "lib/python3.8/site-packages/urllib3/__pycache__/_version.cpython-38.pyc",
        "path_type": "pyc_file"
      },
      {
        "_path": "lib/python3.8/site-packages/urllib3/__pycache__/connection.cpython-38.pyc",
        "path_type": "pyc_file"
      },
      {
        "_path": "lib/python3.8/site-packages/urllib3/__pycache__/connectionpool.cpython-38.pyc",
        "path_type": "pyc_file"
      },
      {
        "_path": "lib/python3.8/site-packages/urllib3/contrib/__pycache__/__init__.cpython-38.pyc",
        "path_type": "pyc_file"
      },
      {
        "_path": "lib/python3.8/site-packages/urllib3/contrib/__pycache__/_appengine_environ.cpython-38.pyc",
        "path_type": "pyc_file"
      },
      {
        "_path": "lib/python3.8/site-packages/urllib3/contrib/_securetransport/__pycache__/__init__.cpython-38.pyc",
        "path_type": "pyc_file"
      },
      {
        "_path": "lib/python3.8/site-packages/urllib3/contrib/_securetransport/__pycache__/bindings.cpython-38.pyc",
        "path_type": "pyc_file"
      },
      {
        "_path": "lib/python3.8/site-packages/urllib3/contrib/_securetransport/__pycache__/low_level.cpython-38.pyc",
        "path_type": "pyc_file"
      },
      {
        "_path": "lib/python3.8/site-packages/urllib3/contrib/__pycache__/appengine.cpython-38.pyc",
        "path_type": "pyc_file"
      },
      {
        "_path": "lib/python3.8/site-packages/urllib3/contrib/__pycache__/ntlmpool.cpython-38.pyc",
        "path_type": "pyc_file"
      },
      {
        "_path": "lib/python3.8/site-packages/urllib3/contrib/__pycache__/pyopenssl.cpython-38.pyc",
        "path_type": "pyc_file"
      },
      {
        "_path": "lib/python3.8/site-packages/urllib3/contrib/__pycache__/securetransport.cpython-38.pyc",
        "path_type": "pyc_file"
      },
      {
        "_path": "lib/python3.8/site-packages/urllib3/contrib/__pycache__/socks.cpython-38.pyc",
        "path_type": "pyc_file"
      },
      {
        "_path": "lib/python3.8/site-packages/urllib3/__pycache__/exceptions.cpython-38.pyc",
        "path_type": "pyc_file"
      },
      {
        "_path": "lib/python3.8/site-packages/urllib3/__pycache__/fields.cpython-38.pyc",
        "path_type": "pyc_file"
      },
      {
        "_path": "lib/python3.8/site-packages/urllib3/__pycache__/filepost.cpython-38.pyc",
        "path_type": "pyc_file"
      },
      {
        "_path": "lib/python3.8/site-packages/urllib3/packages/__pycache__/__init__.cpython-38.pyc",
        "path_type": "pyc_file"
      },
      {
        "_path": "lib/python3.8/site-packages/urllib3/packages/backports/__pycache__/__init__.cpython-38.pyc",
        "path_type": "pyc_file"
      },
      {
        "_path": "lib/python3.8/site-packages/urllib3/packages/backports/__pycache__/makefile.cpython-38.pyc",
        "path_type": "pyc_file"
      },
      {
        "_path": "lib/python3.8/site-packages/urllib3/packages/__pycache__/six.cpython-38.pyc",
        "path_type": "pyc_file"
      },
      {
        "_path": "lib/python3.8/site-packages/urllib3/packages/ssl_match_hostname/__pycache__/__init__.cpython-38.pyc",
        "path_type": "pyc_file"
      },
      {
        "_path": "lib/python3.8/site-packages/urllib3/packages/ssl_match_hostname/__pycache__/_implementation.cpython-38.pyc",
        "path_type": "pyc_file"
      },
      {
        "_path": "lib/python3.8/site-packages/urllib3/__pycache__/poolmanager.cpython-38.pyc",
        "path_type": "pyc_file"
      },
      {
        "_path": "lib/python3.8/site-packages/urllib3/__pycache__/request.cpython-38.pyc",
        "path_type": "pyc_file"
      },
      {
        "_path": "lib/python3.8/site-packages/urllib3/__pycache__/response.cpython-38.pyc",
        "path_type": "pyc_file"
      },
      {
        "_path": "lib/python3.8/site-packages/urllib3/util/__pycache__/__init__.cpython-38.pyc",
        "path_type": "pyc_file"
      },
      {
        "_path": "lib/python3.8/site-packages/urllib3/util/__pycache__/connection.cpython-38.pyc",
        "path_type": "pyc_file"
      },
      {
        "_path": "lib/python3.8/site-packages/urllib3/util/__pycache__/proxy.cpython-38.pyc",
        "path_type": "pyc_file"
      },
      {
        "_path": "lib/python3.8/site-packages/urllib3/util/__pycache__/queue.cpython-38.pyc",
        "path_type": "pyc_file"
      },
      {
        "_path": "lib/python3.8/site-packages/urllib3/util/__pycache__/request.cpython-38.pyc",
        "path_type": "pyc_file"
      },
      {
        "_path": "lib/python3.8/site-packages/urllib3/util/__pycache__/response.cpython-38.pyc",
        "path_type": "pyc_file"
      },
      {
        "_path": "lib/python3.8/site-packages/urllib3/util/__pycache__/retry.cpython-38.pyc",
        "path_type": "pyc_file"
      },
      {
        "_path": "lib/python3.8/site-packages/urllib3/util/__pycache__/ssl_.cpython-38.pyc",
        "path_type": "pyc_file"
      },
      {
        "_path": "lib/python3.8/site-packages/urllib3/util/__pycache__/ssltransport.cpython-38.pyc",
        "path_type": "pyc_file"
      },
      {
        "_path": "lib/python3.8/site-packages/urllib3/util/__pycache__/timeout.cpython-38.pyc",
        "path_type": "pyc_file"
      },
      {
        "_path": "lib/python3.8/site-packages/urllib3/util/__pycache__/url.cpython-38.pyc",
        "path_type": "pyc_file"
      },
      {
        "_path": "lib/python3.8/site-packages/urllib3/util/__pycache__/wait.cpython-38.pyc",
        "path_type": "pyc_file"
      }
    ],
    "paths_version": 1
  },
  "requested_spec": "urllib3==1.26.6=pyhd3eb1b0_1",
  "sha256": "9d0eb4dc25d7271be8b003286f6d5773525d640123f0446eebf7621d03f650f8",
  "size": 114464,
  "subdir": "noarch",
  "timestamp": 1625084309336,
  "track_features": "",
  "url": "https://repo.anaconda.com/pkgs/main/noarch/urllib3-1.26.6-pyhd3eb1b0_1.conda",
  "version": "1.26.6"
}