{
  "build": "pyhd3eb1b0_0",
  "build_number": 0,
  "channel": "https://repo.anaconda.com/pkgs/main/noarch",
  "constrains": [],
  "depends": [
    "python"
  ],
  "extracted_package_dir": "/root/miniconda3/pkgs/wheel-0.36.2-pyhd3eb1b0_0",
  "features": "",
  "files": [
    "lib/python3.8/site-packages/wheel-0.36.2-py3.6.egg-info/PKG-INFO",
    "lib/python3.8/site-packages/wheel-0.36.2-py3.6.egg-info/SOURCES.txt",
    "lib/python3.8/site-packages/wheel-0.36.2-py3.6.egg-info/dependency_links.txt",
    "lib/python3.8/site-packages/wheel-0.36.2-py3.6.egg-info/entry_points.txt",
    "lib/python3.8/site-packages/wheel-0.36.2-py3.6.egg-info/not-zip-safe",
    "lib/python3.8/site-packages/wheel-0.36.2-py3.6.egg-info/requires.txt",
    "lib/python3.8/site-packages/wheel-0.36.2-py3.6.egg-info/top_level.txt",
    "lib/python3.8/site-packages/wheel/__init__.py",
    "lib/python3.8/site-packages/wheel/__main__.py",
    "lib/python3.8/site-packages/wheel/bdist_wheel.py",
    "lib/python3.8/site-packages/wheel/cli/__init__.py",
    "lib/python3.8/site-packages/wheel/cli/convert.py",
    "lib/python3.8/site-packages/wheel/cli/pack.py",
    "lib/python3.8/site-packages/wheel/cli/unpack.py",
    "lib/python3.8/site-packages/wheel/macosx_libfile.py",
    "lib/python3.8/site-packages/wheel/metadata.py",
    "lib/python3.8/site-packages/wheel/pkginfo.py",
    "lib/python3.8/site-packages/wheel/util.py",
    "lib/python3.8/site-packages/wheel/vendored/__init__.py",
    "lib/python3.8/site-packages/wheel/vendored/packaging/__init__.py",
    "lib/python3.8/site-packages/wheel/vendored/packaging/_typing.py",
    "lib/python3.8/site-packages/wheel/vendored/packaging/tags.py",
    "lib/python3.8/site-packages/wheel/wheelfile.py",
    "lib/python3.8/site-packages/wheel/__pycache__/__init__.cpython-38.pyc",
    "lib/python3.8/site-packages/wheel/__pycache__/__main__.cpython-38.pyc",
    "lib/python3.8/site-packages/wheel/__pycache__/bdist_wheel.cpython-38.pyc",
    "lib/python3.8/site-packages/wheel/cli/__pycache__/__init__.cpython-38.pyc",
    "lib/python3.8/site-packages/wheel/cli/__pycache__/convert.cpython-38.pyc",
    "lib/python3.8/site-packages/wheel/cli/__pycache__/pack.cpython-38.pyc",
    "lib/python3.8/site-packages/wheel/cli/__pycache__/unpack.cpython-38.pyc",
    "lib/python3.8/site-packages/wheel/__pycache__/macosx_libfile.cpython-38.pyc",
    "lib/python3.8/site-packages/wheel/__pycache__/metadata.cpython-38.pyc",
    "lib/python3.8/site-packages/wheel/__pycache__/pkginfo.cpython-38.pyc",
    "lib/python3.8/site-packages/wheel/__pycache__/util.cpython-38.pyc",
    "lib/python3.8/site-packages/wheel/vendored/__pycache__/__init__.cpython-38.pyc",
    "lib/python3.8/site-packages/wheel/vendored/packaging/__pycache__/__init__.cpython-38.pyc",
    "lib/python3.8/site-packages/wheel/vendored/packaging/__pycache__/_typing.cpython-38.pyc",
    "lib/python3.8/site-packages/wheel/vendored/packaging/__pycache__/tags.cpython-38.pyc",
    "lib/python3.8/site-packages/wheel/__pycache__/wheelfile.cpython-38.pyc",
    "bin/wheel"
  ],
  "fn": "wheel-0.36.2-pyhd3eb1b0_0.conda",
  "legacy_bz2_md5": "283aa9533b88c0a33e23e013af1d7548",
  "legacy_bz2_size": 31642,
  "license": "MIT",
  "link": {
    "source": "/root/miniconda3/pkgs/wheel-0.36.2-pyhd3eb1b0_0",
    "type": 1
  },
  "md5": "31029affc034e8c7203202417cebd157",
  "name": "wheel",
  "noarch": "python",
  "package_tarball_full_path": "/root/miniconda3/pkgs/wheel-0.36.2-pyhd3eb1b0_0.conda",
  "package_type": "noarch_python",
  "paths_data": {
    "paths": [
      {
        "_path": "lib/python3.8/site-packages/wheel/__pycache__/__init__.cpython-38.pyc",
        "path_type": "pyc_file"
      },
      {
        "_path": "lib/python3.8/site-packages/wheel/__pycache__/__main__.cpython-38.pyc",
        "path_type": "pyc_file"
      },
      {
        "_path": "lib/python3.8/site-packages/wheel/__pycache__/bdist_wheel.cpython-38.pyc",
        "path_type": "pyc_file"
      },
      {
        "_path": "lib/python3.8/site-packages/wheel/cli/__pycache__/__init__.cpython-38.pyc",
        "path_type": "pyc_file"
      },
      {
        "_path": "lib/python3.8/site-packages/wheel/cli/__pycache__/convert.cpython-38.pyc",
        "path_type": "pyc_file"
      },
      {
        "_path": "lib/python3.8/site-packages/wheel/cli/__pycache__/pack.cpython-38.pyc",
        "path_type": "pyc_file"
      },
      {
        "_path": "lib/python3.8/site-packages/wheel/cli/__pycache__/unpack.cpython-38.pyc",
        "path_type": "pyc_file"
      },
      {
        "_path": "lib/python3.8/site-packages/wheel/__pycache__/macosx_libfile.cpython-38.pyc",
        "path_type": "pyc_file"
      },
      {
        "_path": "lib/python3.8/site-packages/wheel/__pycache__/metadata.cpython-38.pyc",
        "path_type": "pyc_file"
      },
      {
        "_path": "lib/python3.8/site-packages/wheel/__pycache__/pkginfo.cpython-38.pyc",
        "path_type": "pyc_file"
      },
      {
        "_path": "lib/python3.8/site-packages/wheel/__pycache__/util.cpython-38.pyc",
        "path_type": "pyc_file"
      },
      {
        "_path": "lib/python3.8/site-packages/wheel/vendored/__pycache__/__init__.cpython-38.pyc",
        "path_type": "pyc_file"
      },
      {
        "_path": "lib/python3.8/site-packages/wheel/vendored/packaging/__pycache__/__init__.cpython-38.pyc",
        "path_type": "pyc_file"
      },
      {
        "_path": "lib/python3.8/site-packages/wheel/vendored/packaging/__pycache__/_typing.cpython-38.pyc",
        "path_type": "pyc_file"
      },
      {
        "_path": "lib/python3.8/site-packages/wheel/vendored/packaging/__pycache__/tags.cpython-38.pyc",
        "path_type": "pyc_file"
      },
      {
        "_path": "lib/python3.8/site-packages/wheel/__pycache__/wheelfile.cpython-38.pyc",
        "path_type": "pyc_file"
      },
      {
        "_path": "bin/wheel",
        "path_type": "unix_python_entry_point"
      }
    ],
    "paths_version": 1
  },
  "requested_spec": "wheel==0.36.2=pyhd3eb1b0_0",
  "sha256": "1ace8eb47d5fd0cc9eb98f865220ae0e54874f9d365f123c0c66aa879d8d4c9f",
  "size": 33337,
  "subdir": "noarch",
  "timestamp": 1607973297157,
  "track_features": "",
  "url": "https://repo.anaconda.com/pkgs/main/noarch/wheel-0.36.2-pyhd3eb1b0_0.conda",
  "version": "0.36.2"
}